patient_id,days_to_last_follow_up,days_to_death,days_to_new_tumor_event_after_initial_treatment,vital_status,days_to_last_known_alive,tp53_mutation,tp53_expression,max_followup,min_new_tumor,valid_varient_classification,max_death,last_vital_status,overall_survival,disease_free_survival,censored
6314,1031|1093|1093,unknown|unknown|unknown,unknown|38|605,Alive|Alive|Alive,unknown,Nonsense_Mutation,unknown,1093,38,Yes,unknown,Alive,1093,38,0,,,,
5543,230|479|1004,unknown|unknown|unknown,unknown,Alive|Alive|Alive,unknown,Nonsense_Mutation,unknown,1004,unknown,Yes,unknown,Alive,1004,1004,0,,,,
5538,204|373|unknown,unknown|unknown|1661,unknown|1007,Alive|Alive|Dead,unknown,Missense_Mutation,unknown,373,1007,Yes,1661,Dead,1661,1007,1,,,,
6163,90|427|90,unknown|unknown|unknown,unknown,Alive|Alive|Alive,unknown,Missense_Mutation,unknown,427,unknown,Yes,unknown,Alive,427,427,0,,,,
4682,unknown|unknown,680|680,unknown,Dead|Dead,unknown,unknown,unknown,unknown,unknown,No,680,Dead,680,680,1,,,,
5868,304|426|518,unknown|unknown|unknown,unknown,Alive|Alive|Alive,unknown,Missense_Mutation,unknown,518,unknown,Yes,unknown,Alive,518,518,0,,,,
A71X,235|588,unknown|unknown,unknown,Alive|Alive,unknown,unknown,unknown,588,unknown,No,unknown,Alive,588,588,0,,,,
A01F,31|974,unknown|unknown,unknown,Alive|Alive,unknown,unknown,unknown,974,unknown,No,unknown,Alive,974,974,0,,,,
6548,3|650,unknown|unknown,unknown,Alive|Alive,unknown,Missense_Mutation,unknown,650,unknown,Yes,unknown,Alive,650,650,0,,,,
A1D7,unknown|405|405|405,unknown|405|405|405,unknown|80|154|80,None|Dead|Dead|Dead,0,Missense_Mutation,unknown,405,80,Yes,405,Dead,405,80,1,,,,
A01S,31,unknown,unknown,Alive,unknown,Missense_Mutation,unknown,31,unknown,Yes,unknown,Alive,31,31,0,,,,
3696,0|unknown,unknown|153,unknown,Alive|Dead,unknown,unknown,unknown,0,unknown,No,153,Dead,153,153,1,,,,
6628,1606|1595|2424,unknown|unknown|unknown,unknown,Alive|Alive|Alive,unknown,unknown,unknown,2424,unknown,No,unknown,Alive,2424,2424,0,,,,
3561,0|424,unknown|unknown,unknown,Alive|Alive,unknown,unknown,unknown,424,unknown,No,unknown,Alive,424,424,0,,,,
A02R,unknown,670,unknown,Dead,unknown,unknown,unknown,unknown,unknown,No,670,Dead,670,670,1,,,,
A1D8,383|383,383|383,unknown,Dead|Dead,383,Missense_Mutation,unknown,383,unknown,Yes,383,Dead,383,383,1,,,,
5913,853|1561,unknown|unknown,unknown,Alive|Alive,unknown,unknown,unknown,1561,unknown,No,unknown,Alive,1561,1561,0,,,,
4948,3116|unknown|4502,unknown|unknown|unknown,unknown,Alive|Alive|Alive,unknown,Missense_Mutation,unknown,4502,unknown,Yes,unknown,Alive,4502,4502,0,,,,
6603,unknown|unknown,899|899,unknown,Dead|Dead,unknown,Missense_Mutation,unknown,unknown,unknown,Yes,899,Dead,899,899,1,,,,
AA8H,160|349|385,unknown|unknown|unknown,unknown,Alive|Alive|Alive,unknown,unknown,unknown,385,unknown,No,unknown,Alive,385,385,0,,,,
5540,198|411|1706,unknown|unknown|unknown,unknown,Alive|Alive|Alive,unknown,Missense_Mutation,unknown,1706,unknown,Yes,unknown,Alive,1706,1706,0,,,,
A28G,1849|1849,1849|1849,unknown,Dead|Dead,unknown,unknown,unknown,1849,unknown,No,1849,Dead,1849,1849,1,,,,
5796,12|99|377,unknown|unknown|unknown,unknown,Alive|Alive|Alive,unknown,unknown,unknown,377,unknown,No,unknown,Alive,377,377,0,,,,
5914,669|unknown,unknown|unknown,unknown,Alive|Alive,unknown,Missense_Mutation,unknown,669,unknown,Yes,unknown,Alive,669,669,0,,,,
3864,0|1612,unknown|unknown,unknown,Alive|Alive,unknown,unknown,unknown,1612,unknown,No,unknown,Alive,1612,1612,0,,,,
6309,1386|1574|2600,unknown|unknown|unknown,unknown|2176,Alive|Alive|Alive,unknown,unknown,unknown,2600,2176,No,unknown,Alive,2600,2176,0,,,,
3814,0,unknown,unknown,Alive,unknown,Missense_Mutation,unknown,0,unknown,Yes,unknown,Alive,0,0,0,,,,
A5ZU,117|293,unknown|unknown,unknown,Alive|Alive,unknown,unknown,unknown,293,unknown,No,unknown,Alive,293,293,0,,,,
3492,0|unknown,unknown|92,unknown,Alive|Dead,unknown,Frame_Shift_Del|5'UTR,unknown,0,unknown,Yes,92,Dead,92,92,1,,,,
4748,214|214|792,unknown|unknown|unknown,unknown,Alive|Alive|Alive,unknown,unknown,unknown,792,unknown,No,unknown,Alive,792,792,0,,,,
6746,0|0|unknown,unknown|unknown|unknown,unknown,Alive|Alive|Alive,unknown,unknown,unknown,0,unknown,No,unknown,Alive,0,0,0,,,,
A00E,0|913,unknown|unknown,unknown,Alive|Alive,unknown,unknown,unknown,913,unknown,No,unknown,Alive,913,913,0,,,,
A01P,0|unknown,unknown|1158,unknown|762,Alive|Dead,unknown,unknown,unknown,0,762,No,1158,Dead,1158,762,1,,,,
5912,1466|unknown,unknown|1493,unknown,Alive|Dead,unknown,unknown,unknown,1466,unknown,No,1493,Dead,1493,1493,1,,,,
6807,16|494|944|1309,unknown|unknown|unknown|unknown,unknown,Alive|Alive|Alive|Alive,unknown,Missense_Mutation,unknown,1309,unknown,Yes,unknown,Alive,1309,1309,0,,,,
3548,0|1034,unknown|unknown,unknown,Alive|Alive,unknown,unknown,unknown,1034,unknown,No,unknown,Alive,1034,1034,0,,,,
A01R,29|1065,unknown|unknown,unknown|608,Alive|Alive,unknown,unknown,unknown,1065,608,No,unknown,Alive,1065,608,0,,,,
3980,0|822,unknown|unknown,unknown,Alive|Alive,unknown,Nonsense_Mutation,unknown,822,unknown,Yes,unknown,Alive,822,822,0,,,,
5662,297|453|718|718,unknown|unknown|unknown|unknown,unknown|495|661,Alive|Alive|Alive|Alive,unknown,Missense_Mutation,unknown,718,495,Yes,unknown,Alive,718,495,0,,,,
A6GA,182|unknown,unknown|302,106|6,Alive|Dead,unknown,unknown,unknown,182,6,No,302,Dead,302,6,1,,,,
3869,0|unknown,unknown|822,unknown,Alive|Dead,unknown,unknown,unknown,0,unknown,No,822,Dead,822,822,1,,,,
A00N,unknown,122,unknown,Dead,unknown,unknown,unknown,unknown,unknown,No,122,Dead,122,122,1,,,,
6138,182|280|685,unknown|unknown|unknown,unknown,Alive|Alive|Alive,unknown,Missense_Mutation,unknown,685,unknown,Yes,unknown,Alive,685,685,0,,,,
AA1B,154|349|475,unknown|unknown|unknown,unknown,Alive|Alive|Alive,unknown,unknown,unknown,475,unknown,No,unknown,Alive,475,475,0,,,,
3808,279|279|1014,unknown|unknown|unknown,unknown,Alive|Alive|Alive,unknown,unknown,unknown,1014,unknown,No,unknown,Alive,1014,1014,0,,,,
A56B,1595|unknown,unknown|1711,unknown|1678,Alive|Dead,unknown,Frame_Shift_Del,unknown,1595,1678,Yes,1711,Dead,1711,1678,1,,,,
6678,122|122|335,unknown|unknown|unknown,unknown|0,Alive|Alive|Alive,unknown,unknown,unknown,335,0,No,unknown,Alive,335,0,0,,,,
6386,169|360|542,unknown|unknown|unknown,unknown,Alive|Alive|Alive,unknown,unknown,unknown,542,unknown,No,unknown,Alive,542,542,0,,,,
A00O,0|822,unknown|unknown,unknown,Alive|Alive,unknown,unknown,unknown,822,unknown,No,unknown,Alive,822,822,0,,,,
AATE,1200|1200,unknown|unknown,810|810,Alive|Alive,unknown,Missense_Mutation,unknown,1200,810,Yes,unknown,Alive,1200,810,0,,,,
5667,320|320|887,unknown|unknown|unknown,unknown,Alive|Alive|Alive,unknown,Missense_Mutation,unknown,887,unknown,Yes,unknown,Alive,887,887,0,,,,
3692,0|unknown,unknown|1095,unknown|396,Alive|Dead,unknown,unknown,unknown,0,396,No,1095,Dead,1095,396,1,,,,
3560,0|608,unknown|unknown,unknown,Alive|Alive,unknown,unknown,unknown,608,unknown,No,unknown,Alive,608,608,0,,,,
3506,0|1765,unknown|unknown,unknown,Alive|Alive,unknown,unknown,unknown,1765,unknown,No,unknown,Alive,1765,1765,0,,,,
3856,30,unknown,unknown,Alive,unknown,Frame_Shift_Del,unknown,30,unknown,Yes,unknown,Alive,30,30,0,,,,
6782,164|189|617,unknown|unknown|unknown,unknown,Alive|Alive|Alive,unknown,Missense_Mutation,unknown,617,unknown,Yes,unknown,Alive,617,617,0,,,,
A1D0,3625|3974,unknown|unknown,unknown,Alive|Alive,3625,Splice_Site,unknown,3974,unknown,Yes,unknown,Alive,3625,3974,0,,,,
5665,286|404|671,unknown|unknown|unknown,unknown|529,Alive|Alive|Alive,unknown,unknown,unknown,671,529,No,unknown,Alive,671,529,0,,,,
A010,0|1064,unknown|unknown,unknown,Alive|Alive,unknown,Missense_Mutation,unknown,1064,unknown,Yes,unknown,Alive,1064,1064,0,,,,
6315,937|1117|1883,unknown|unknown|unknown,unknown,Alive|Alive|Alive,unknown,Missense_Mutation,unknown,1883,unknown,Yes,unknown,Alive,1883,1883,0,,,,
6627,1434|1434|2275,unknown|unknown|unknown,unknown|1003,Alive|Alive|Alive,unknown,unknown,unknown,2275,1003,No,unknown,Alive,2275,1003,0,,,,
5664,362|362|672,unknown|unknown|unknown,unknown|183|643,Alive|Alive|Alive,unknown,unknown,unknown,672,183,No,unknown,Alive,672,183,0,,,,
6805,16|496|1047,unknown|unknown|unknown,unknown,Alive|Alive|Alive,unknown,Missense_Mutation,unknown,1047,unknown,Yes,unknown,Alive,1047,1047,0,,,,
4746,699|699|1126,unknown|unknown|unknown,unknown,Alive|Alive|Alive,unknown,Missense_Mutation,unknown,1126,unknown,Yes,unknown,Alive,1126,1126,0,,,,
6317,894|1095,unknown|unknown,unknown|592,Alive|Alive,unknown,Missense_Mutation,unknown,1095,592,Yes,unknown,Alive,1095,592,0,,,,
6297,2289|2506|2506|2506,unknown|unknown|unknown|unknown,unknown|1013|2394|439,Alive|Alive|Alive|Alive,unknown,Missense_Mutation,unknown,2506,439,Yes,unknown,Alive,2506,439,0,,,,
3663,31|212,unknown|unknown,unknown,Alive|Alive,unknown,unknown,unknown,212,unknown,No,unknown,Alive,212,212,0,,,,
3527,0,unknown,unknown,Alive,unknown,unknown,unknown,0,unknown,No,unknown,Alive,0,0,0,,,,
3860,0|945,unknown|unknown,unknown,Alive|Alive,unknown,Frame_Shift_Del|Frame_Shift_Del,unknown,945,unknown,Yes,unknown,Alive,945,945,0,,,,
A004,31|424,unknown|unknown,unknown,Alive|Alive,unknown,unknown,unknown,424,unknown,No,unknown,Alive,424,424,0,,,,
6167,122|122|456,unknown|unknown|unknown,unknown,Alive|Alive|Alive,unknown,Missense_Mutation,unknown,456,unknown,Yes,unknown,Alive,456,456,0,,,,
3562,31|608,unknown|unknown,unknown,Alive|Alive,unknown,unknown,unknown,608,unknown,No,unknown,Alive,608,608,0,,,,
5863,304|304|457,unknown|unknown|unknown,unknown,Alive|Alive|Alive,unknown,unknown,unknown,457,unknown,No,unknown,Alive,457,457,0,,,,
3520,0|731,unknown|unknown,unknown,Alive|Alive,unknown,unknown,unknown,731,unknown,No,unknown,Alive,731,731,0,,,,
3930,0|unknown,unknown|61,unknown,Alive|Dead,unknown,unknown,unknown,0,unknown,No,61,Dead,61,61,1,,,,
3972,0|1551,unknown|unknown,unknown|1216,Alive|Alive,unknown,unknown,unknown,1551,1216,No,unknown,Alive,1551,1216,0,,,,
3842,31|1126,unknown|unknown,unknown|396,Alive|Alive,unknown,Frame_Shift_Del,unknown,1126,396,Yes,unknown,Alive,1126,396,0,,,,
3994,0|822,unknown|unknown,unknown,Alive|Alive,unknown,unknown,unknown,822,unknown,No,unknown,Alive,822,822,0,,,,
6161,212|212|457,unknown|unknown|unknown,unknown,Alive|Alive|Alive,unknown,unknown,unknown,457,unknown,No,unknown,Alive,457,457,0,,,,
3779,441|unknown,unknown|unknown,unknown,Alive|Alive,unknown,unknown,unknown,441,unknown,No,unknown,Alive,441,441,0,,,,
6310,1205|1372|1935,unknown|unknown|unknown,unknown,Alive|Alive|Alive,unknown,Missense_Mutation,unknown,1935,unknown,Yes,unknown,Alive,1935,1935,0,,,,
4751,607|607|822,unknown|unknown|unknown,unknown,Alive|Alive|Alive,unknown,Missense_Mutation,unknown,822,unknown,Yes,unknown,Alive,822,822,0,,,,
5916,unknown|unknown,643|643,unknown|292,Dead|Dead,unknown,Nonsense_Mutation,unknown,unknown,292,Yes,643,Dead,643,292,1,,,,
6321,572|672,unknown|unknown,unknown,Alive|Alive,unknown,unknown,unknown,672,unknown,No,unknown,Alive,672,672,0,,,,
6608,unknown|unknown,59|59,unknown,Dead|Dead,unknown,Frame_Shift_Ins,unknown,unknown,unknown,Yes,59,Dead,59,59,1,,,,
6703,56|1091|665|1456,unknown|unknown|unknown|unknown,unknown,Alive|Alive|Alive|Alive,unknown,unknown,unknown,1456,unknown,No,unknown,Alive,1456,1456,0,,,,
4107,231|231|987,unknown|unknown|unknown,unknown,Alive|Alive|Alive,unknown,unknown,unknown,987,unknown,No,unknown,Alive,987,987,0,,,,
6530,271|621,unknown|unknown,unknown,Alive|Alive,unknown,unknown,unknown,621,unknown,No,unknown,Alive,621,621,0,,,,
A01D,30|unknown,unknown|334,unknown,Alive|Dead,unknown,unknown,unknown,30,unknown,No,334,Dead,334,334,1,,,,
6747,89|unknown|2523,unknown|unknown|unknown,unknown,Alive|Alive|Alive,unknown,unknown,unknown,2523,unknown,No,unknown,Alive,2523,2523,0,,,,
6927,67|287|unknown,unknown|unknown|unknown,unknown,Alive|Alive|None,unknown,unknown,unknown,287,unknown,No,unknown,Alive,287,287,0,,,,
6320,678|804,unknown|unknown,unknown,Alive|Alive,unknown,Missense_Mutation,unknown,804,unknown,Yes,unknown,Alive,804,804,0,,,,
3852,unknown,0,unknown,Dead,unknown,unknown,unknown,unknown,unknown,No,0,Dead,0,0,1,,,,
3519,0|276,unknown|unknown,unknown,Alive|Alive,unknown,unknown,unknown,276,unknown,No,unknown,Alive,276,276,0,,,,
A01K,31|943,unknown|unknown,unknown,Alive|Alive,unknown,unknown,unknown,943,unknown,No,unknown,Alive,943,943,0,,,,
3815,0|1005,unknown|unknown,unknown,Alive|Alive,unknown,Missense_Mutation,unknown,1005,unknown,Yes,unknown,Alive,1005,1005,0,,,,
A28A,805|805,805|805,unknown,Dead|Dead,unknown,unknown,unknown,805,unknown,No,805,Dead,805,805,1,,,,
3861,0|914,unknown|unknown,unknown,Alive|Alive,unknown,unknown,unknown,914,unknown,No,unknown,Alive,914,914,0,,,,
A03F,0|unknown,unknown|549,unknown,Alive|Dead,unknown,unknown,unknown,0,unknown,No,549,Dead,549,549,1,,,,
A01T,31|1005,unknown|unknown,unknown,Alive|Alive,unknown,Missense_Mutation,unknown,1005,unknown,Yes,unknown,Alive,1005,1005,0,,,,
A0XD,unknown|unknown|unknown|unknown,743|743|743|743,unknown|574|617|484,Dead|Dead|Dead|Dead,unknown,Missense_Mutation,unknown,unknown,484,Yes,743,Dead,743,484,1,,,,
4614,unknown|unknown,172|172,unknown,Dead|Dead,unknown,Missense_Mutation,unknown,unknown,unknown,Yes,172,Dead,172,172,1,,,,
6651,249|259|662,unknown|unknown|unknown,unknown,Alive|Alive|Alive,unknown,Missense_Mutation,unknown,662,unknown,Yes,unknown,Alive,662,662,0,,,,
3810,247|247|1111,unknown|unknown|unknown,unknown,Alive|Alive|Alive,unknown,Missense_Mutation,unknown,1111,unknown,Yes,unknown,Alive,1111,1111,0,,,,
6166,424|424|669,unknown|unknown|unknown,unknown,Alive|Alive|Alive,unknown,unknown,unknown,669,unknown,No,unknown,Alive,669,669,0,,,,
6930,46|406,unknown|unknown,unknown,Alive|Alive,unknown,unknown,unknown,406,unknown,No,unknown,Alive,406,406,0,,,,
3688,0|578,unknown|unknown,unknown,Alive|Alive,unknown,Missense_Mutation,unknown,578,unknown,Yes,unknown,Alive,578,578,0,,,,
A567,unknown|unknown,1881|1881,612|1069,Dead|Dead,unknown,Missense_Mutation,unknown,unknown,612,Yes,1881,Dead,1881,612,1,,,,
A022,0,unknown,unknown,Alive,unknown,unknown,unknown,0,unknown,No,unknown,Alive,0,0,0,,,,
6141,130|255|unknown,unknown|unknown|unknown,unknown,Alive|Alive|None,unknown,unknown,unknown,255,unknown,No,unknown,Alive,255,255,0,,,,
A01V,31,unknown,unknown,Alive,unknown,unknown,unknown,31,unknown,No,unknown,Alive,31,31,0,,,,
6716,8|371,unknown|unknown,unknown,Alive|Alive,unknown,unknown,unknown,371,unknown,No,unknown,Alive,371,371,0,,,,
5666,244|362|719|995,unknown|unknown|unknown|unknown,unknown|509|970,Alive|Alive|Alive|Alive,unknown,unknown,unknown,995,509,No,unknown,Alive,995,509,0,,,,
4070,unknown|unknown,496|496,unknown|186,Dead|Dead,unknown,Missense_Mutation,unknown,unknown,186,Yes,496,Dead,496,186,1,,,,
3664,0|1643,unknown|unknown,unknown,Alive|Alive,unknown,unknown,unknown,1643,unknown,No,unknown,Alive,1643,1643,0,,,,
3950,31|730,unknown|unknown,unknown,Alive|Alive,unknown,unknown,unknown,730,unknown,No,unknown,Alive,730,730,0,,,,
4950,1227|unknown|2599,unknown|unknown|unknown,unknown,Alive|Alive|Alive,unknown,unknown,unknown,2599,unknown,No,unknown,Alive,2599,2599,0,,,,
5821,28|unknown,unknown|unknown,unknown,Alive|None,unknown,Missense_Mutation,unknown,28,unknown,Yes,unknown,Alive,28,28,0,,,,
6600,unknown|unknown,368|unknown,unknown,Dead|Dead,unknown,Missense_Mutation,unknown,unknown,unknown,Yes,368,Dead,368,368,1,,,,
A00D,31|578,unknown|unknown,unknown,Alive|Alive,unknown,unknown,unknown,578,unknown,No,unknown,Alive,578,578,0,,,,
6536,287|543,unknown|unknown,unknown|493|493,Alive|Alive,unknown,unknown,unknown,543,493,No,unknown,Alive,543,493,0,,,,
4952,475|unknown|475,unknown|unknown|unknown,unknown,Alive|Alive|Alive,unknown,unknown,unknown,475,unknown,No,unknown,Alive,475,475,0,,,,
6625,2673|2792,unknown|unknown,unknown|2564,Alive|Alive,unknown,Missense_Mutation,unknown,2792,2564,Yes,unknown,Alive,2792,2564,0,,,,
5797,8|100|383,unknown|unknown|unknown,unknown,Alive|Alive|Alive,unknown,Missense_Mutation,unknown,383,unknown,Yes,unknown,Alive,383,383,0,,,,
6607,unknown|unknown,97|97,unknown,Dead|Dead,unknown,Missense_Mutation,unknown,unknown,unknown,Yes,97,Dead,97,97,1,,,,
A93T,8|146,unknown|unknown,unknown,Alive|Alive,unknown,Missense_Mutation,unknown,146,unknown,Yes,unknown,Alive,146,146,0,,,,
A024,61|unknown,unknown|1188,unknown,Alive|Dead,unknown,unknown,unknown,61,unknown,No,1188,Dead,1188,1188,1,,,,
5915,0|0,unknown|unknown,unknown,Alive|Alive,unknown,unknown,unknown,0,unknown,No,unknown,Alive,0,0,0,,,,
A01Q,31,unknown,unknown,Alive,unknown,unknown,unknown,31,unknown,No,unknown,Alive,31,31,0,,,,
3939,30|395,unknown|unknown,unknown,Alive|Alive,unknown,unknown,unknown,395,unknown,No,unknown,Alive,395,395,0,,,,
A28F,1094|1094,1094|1094,unknown,Dead|Dead,unknown,Missense_Mutation,unknown,1094,unknown,Yes,1094,Dead,1094,1094,1,,,,
A1HA,3924|4000,unknown|unknown,unknown,Alive|Alive,3924,Missense_Mutation,unknown,4000,unknown,Yes,unknown,Alive,3924,4000,0,,,,
3812,0|1066,unknown|unknown,unknown|762,Alive|Alive,unknown,unknown,unknown,1066,762,No,unknown,Alive,1066,762,0,,,,
A0X9,3429|3641,unknown|unknown,unknown,Alive|Alive,unknown,unknown,unknown,3641,unknown,No,unknown,Alive,3641,3641,0,,,,
6808,14|1024,unknown|unknown,unknown,Alive|Alive,unknown,Nonsense_Mutation,unknown,1024,unknown,Yes,unknown,Alive,1024,1024,0,,,,
6654,178|399|726,unknown|unknown|unknown,unknown,Alive|Alive|Alive,unknown,Nonsense_Mutation,unknown,726,unknown,Yes,unknown,Alive,726,726,0,,,,
2683,472|472|unknown,unknown|unknown|504,unknown|300,Alive|Alive|Dead,unknown,unknown,unknown,472,300,No,504,Dead,504,300,1,,,,
3518,31,unknown,unknown,Alive,unknown,unknown,unknown,31,unknown,No,unknown,Alive,31,31,0,,,,
6588,644|796,unknown|unknown,unknown,Alive|Alive,unknown,unknown,unknown,796,unknown,No,unknown,Alive,796,796,0,,,,
3524,0|1096,unknown|unknown,unknown,Alive|Alive,unknown,unknown,unknown,1096,unknown,No,unknown,Alive,1096,1096,0,,,,
6674,150|150|394,unknown|unknown|unknown,unknown,Alive|Alive|Alive,unknown,unknown,unknown,394,unknown,No,unknown,Alive,394,394,0,,,,
6304,1631|1631,unknown|unknown,unknown|859,Alive|Alive,unknown,unknown,unknown,1631,859,No,unknown,Alive,1631,859,0,,,,
3675,31|1431,unknown|unknown,unknown,Alive|Alive,unknown,unknown,unknown,1431,unknown,No,unknown,Alive,1431,1431,0,,,,
6172,212|212|335,unknown|unknown|unknown,unknown,Alive|Alive|Alive,unknown,Missense_Mutation|Nonsense_Mutation,unknown,335,unknown,Yes,unknown,Alive,335,335,0,,,,
6598,unknown|unknown,1503|1503,unknown,Dead|Dead,unknown,Frame_Shift_Del,unknown,unknown,unknown,Yes,1503,Dead,1503,1503,1,,,,
A00K,31|549,unknown|unknown,unknown,Alive|Alive,unknown,unknown,unknown,549,unknown,No,unknown,Alive,549,549,0,,,,
6680,91|91|366,unknown|unknown|unknown,unknown,Alive|Alive|Alive,unknown,unknown,unknown,366,unknown,No,unknown,Alive,366,366,0,,,,
3870,0|912,unknown|unknown,unknown,Alive|Alive,unknown,unknown,unknown,912,unknown,No,unknown,Alive,912,912,0,,,,
A1D4,2821|2821,2821|2821,unknown|1920,Dead|Dead,2821,Missense_Mutation,unknown,2821,1920,Yes,2821,Dead,2821,1920,1,,,,
6293,3203|3275|4051,unknown|unknown|unknown,unknown,Alive|Alive|Alive,unknown,unknown,unknown,4051,unknown,No,unknown,Alive,4051,4051,0,,,,
2678,437|437|781|1286,unknown|unknown|unknown|unknown,unknown,Alive|Alive|Alive|Alive,unknown,unknown,unknown,1286,unknown,No,unknown,Alive,1286,1286,0,,,,
3858,0|945,unknown|unknown,unknown,Alive|Alive,unknown,Frame_Shift_Ins,unknown,945,unknown,Yes,unknown,Alive,945,945,0,,,,
4684,1705|1977,unknown|unknown,unknown|411,Alive|Alive,unknown,unknown,unknown,1977,411,No,unknown,Alive,1977,411,0,,,,
6164,487|487|883,unknown|unknown|unknown,unknown,Alive|Alive|Alive,unknown,Missense_Mutation,unknown,883,unknown,Yes,unknown,Alive,883,883,0,,,,
A02Y,31|1216,unknown|unknown,unknown,Alive|Alive,unknown,unknown,unknown,1216,unknown,No,unknown,Alive,1216,1216,0,,,,
A02E,unknown,90,unknown,Dead,unknown,Missense_Mutation,unknown,unknown,unknown,Yes,90,Dead,90,90,1,,,,
A50U,unknown,334,276,Dead,unknown,Nonsense_Mutation,unknown,unknown,276,Yes,334,Dead,334,276,1,,,,
A97D,295|666,unknown|unknown,unknown,Alive|Alive,unknown,Missense_Mutation,unknown,666,unknown,Yes,unknown,Alive,666,666,0,,,,
5344,304|304|488|670,unknown|unknown|unknown|unknown,unknown,Alive|Alive|Alive|Alive,unknown,unknown,unknown,670,unknown,No,unknown,Alive,670,670,0,,,,
6532,107|555,unknown|unknown,unknown,Alive|Alive,unknown,Missense_Mutation,unknown,555,unknown,Yes,unknown,Alive,555,555,0,,,,
2670,424|424|775,unknown|unknown|unknown,unknown,Alive|Alive|Alive,424,unknown,unknown,775,unknown,No,unknown,Alive,424,775,0,,,,
3534,0|882,unknown|unknown,unknown,Alive|Alive,unknown,unknown,unknown,882,unknown,No,unknown,Alive,882,882,0,,,,
4743,184|184|701,unknown|unknown|unknown,unknown,Alive|Alive|Alive,unknown,unknown,unknown,701,unknown,No,unknown,Alive,701,701,0,,,,
A00F,0|1035,unknown|unknown,unknown,Alive|Alive,unknown,unknown,unknown,1035,unknown,No,unknown,Alive,1035,1035,0,,,,
6751,3136|3780,unknown|unknown,unknown,Alive|Alive,unknown,unknown,unknown,3780,unknown,No,unknown,Alive,3780,3780,0,,,,
6649,147|328|735,unknown|unknown|unknown,unknown,Alive|Alive|Alive,unknown,Missense_Mutation,unknown,735,unknown,Yes,unknown,Alive,735,735,0,,,,
6302,1310|unknown,unknown|2047,unknown,Alive|Dead,unknown,Missense_Mutation|5'UTR,unknown,1310,unknown,Yes,2047,Dead,2047,2047,1,,,,
3976,0|791,unknown|unknown,unknown,Alive|Alive,unknown,Nonsense_Mutation,unknown,791,unknown,Yes,unknown,Alive,791,791,0,,,,
A02F,31|1216,unknown|unknown,unknown,Alive|Alive,unknown,Missense_Mutation,unknown,1216,unknown,Yes,unknown,Alive,1216,1216,0,,,,
5403,unknown|unknown,1910|1910,unknown|304,Dead|Dead,unknown,Splice_Site|Missense_Mutation,unknown,unknown,304,Yes,1910,Dead,1910,304,1,,,,
A00W,30|456,unknown|unknown,unknown,Alive|Alive,unknown,unknown,unknown,456,unknown,No,unknown,Alive,456,456,0,,,,
3529,unknown,0,unknown,Dead,unknown,unknown,unknown,unknown,unknown,No,0,Dead,0,0,1,,,,
6648,253|344|766,unknown|unknown|unknown,unknown|686,Alive|Alive|Alive,unknown,unknown,unknown,766,686,No,unknown,Alive,766,686,0,,,,
6717,10|388,unknown|unknown,unknown,Alive|Alive,unknown,unknown,unknown,388,unknown,No,unknown,Alive,388,388,0,,,,
6460,0|407|unknown,unknown|unknown|972,unknown|313,Alive|Alive|Dead,unknown,Missense_Mutation,unknown,407,313,Yes,972,Dead,972,313,1,,,,
3510,31|1946,unknown|unknown,unknown,Alive|Alive,unknown,unknown,unknown,1946,unknown,No,unknown,Alive,1946,1946,0,,,,
6718,3|unknown,unknown|306,unknown|207,Alive|Dead,unknown,Nonsense_Mutation|Nonsense_Mutation,unknown,3,207,Yes,306,Dead,306,207,1,,,,
6920,112|377,unknown|unknown,unknown,Alive|Alive,unknown,unknown,unknown,377,unknown,No,unknown,Alive,377,377,0,,,,
6540,186|491,unknown|unknown,unknown,Alive|Alive,unknown,Missense_Mutation,unknown,491,unknown,Yes,unknown,Alive,491,491,0,,,,
2677,541|541|unknown,unknown|unknown|740,unknown,Alive|Alive|Dead,unknown,unknown,unknown,541,unknown,No,740,Dead,740,740,1,,,,
A50V,154|588,unknown|unknown,unknown,Alive|Alive,unknown,Missense_Mutation,unknown,588,unknown,Yes,unknown,Alive,588,588,0,,,,
5860,304|304|487|974,unknown|unknown|unknown|unknown,unknown,Alive|Alive|Alive|Alive,unknown,Nonsense_Mutation,unknown,974,unknown,Yes,unknown,Alive,974,974,0,,,,
4323,unknown|unknown,43|43,unknown,Dead|Dead,unknown,Missense_Mutation,unknown,unknown,unknown,Yes,43,Dead,43,43,1,,,,
3850,unknown,0,unknown,Dead,unknown,unknown,unknown,unknown,unknown,No,0,Dead,0,0,1,,,,
6780,87|354|612,unknown|unknown|unknown,unknown,Alive|Alive|Alive,unknown,unknown,unknown,612,unknown,No,unknown,Alive,612,612,0,,,,
6677,153|153|337,unknown|unknown|unknown,unknown,Alive|Alive|Alive,unknown,Missense_Mutation,unknown,337,unknown,Yes,unknown,Alive,337,337,0,,,,
6140,125|356|734,unknown|unknown|unknown,unknown,Alive|Alive|Alive,unknown,unknown,unknown,734,unknown,No,unknown,Alive,734,734,0,,,,
A00Z,31|669,unknown|unknown,unknown,Alive|Alive,unknown,unknown,unknown,669,unknown,No,unknown,Alive,669,669,0,,,,
5656,462|462|1001,unknown|unknown|unknown,unknown,Alive|Alive|Alive,unknown,Missense_Mutation,unknown,1001,unknown,Yes,unknown,Alive,1001,1001,0,,,,
6586,741|1089,unknown|unknown,unknown,Alive|Alive,unknown,Nonsense_Mutation,unknown,1089,unknown,Yes,unknown,Alive,1089,1089,0,,,,
A1DA,228|228,228|228,unknown,Dead|Dead,228,Missense_Mutation,unknown,228,unknown,Yes,228,Dead,228,228,1,,,,
3844,28|454,unknown|unknown,unknown|365,Alive|Alive,unknown,Missense_Mutation,unknown,454,365,Yes,unknown,Alive,454,365,0,,,,
2674,523|523|761|1331,unknown|unknown|unknown|unknown,unknown|735|1219,Alive|Alive|Alive|Alive,unknown,unknown,unknown,1331,735,No,unknown,Alive,1331,735,0,,,,
6781,158|293|598,unknown|unknown|unknown,unknown,Alive|Alive|Alive,unknown,unknown,unknown,598,unknown,No,unknown,Alive,598,598,0,,,,
A01X,30|791,unknown|unknown,unknown|791,Alive|Alive,unknown,unknown,unknown,791,791,No,unknown,Alive,791,791,0,,,,
A6GC,40|389,unknown|unknown,unknown,Alive|Alive,unknown,Missense_Mutation,unknown,389,unknown,Yes,unknown,Alive,389,389,0,,,,
3516,0|unknown,unknown|396,unknown,Alive|Dead,unknown,unknown,unknown,0,unknown,No,396,Dead,396,396,1,,,,
3854,31|1096,unknown|unknown,unknown,Alive|Alive,unknown,unknown,unknown,1096,unknown,No,unknown,Alive,1096,1096,0,,,,
6923,43|378,unknown|unknown,unknown,Alive|Alive,unknown,unknown,unknown,378,unknown,No,unknown,Alive,378,378,0,,,,
2684,387|387|1127,unknown|unknown|unknown,unknown|976,Alive|Alive|Alive,unknown,Missense_Mutation,unknown,1127,976,Yes,unknown,Alive,1127,976,0,,,,
6599,unknown|unknown,206|206,unknown,Dead|Dead,unknown,unknown,unknown,unknown,unknown,No,206,Dead,206,206,1,,,,
6605,unknown|unknown,159|159,unknown,Dead|Dead,unknown,Missense_Mutation,unknown,unknown,unknown,Yes,159,Dead,159,159,1,,,,
4308,1715|2048|2289|3324,unknown|unknown|unknown|unknown,unknown,Alive|Alive|Alive|Alive,unknown,Missense_Mutation,unknown,3324,unknown,Yes,unknown,Alive,3324,3324,0,,,,
A017,31|457,unknown|unknown,unknown,Alive|Alive,unknown,Missense_Mutation,unknown,457,unknown,Yes,unknown,Alive,457,457,0,,,,
2679,595|595|778|1366,unknown|unknown|unknown|unknown,unknown,Alive|Alive|Alive|Alive,unknown,unknown,unknown,1366,unknown,No,unknown,Alive,1366,1366,0,,,,
A01G,31|365,unknown|unknown,unknown,Alive|Alive,unknown,unknown,unknown,365,unknown,No,unknown,Alive,365,365,0,,,,
6534,241|1316,unknown|unknown,unknown,Alive|Alive,unknown,unknown,unknown,1316,unknown,No,unknown,Alive,1316,1316,0,,,,
3532,0|882,unknown|unknown,unknown,Alive|Alive,unknown,unknown,unknown,882,unknown,No,unknown,Alive,882,882,0,,,,
AAT6,unknown|unknown,290|290,219|219,Dead|Dead,unknown,unknown,unknown,unknown,219,No,290,Dead,290,219,1,,,,
6570,0|unknown,unknown|188,unknown,Alive|Dead,unknown,unknown,unknown,0,unknown,No,188,Dead,188,188,1,,,,
3875,0|549,unknown|unknown,unknown,Alive|Alive,unknown,Missense_Mutation,unknown,549,unknown,Yes,unknown,Alive,549,549,0,,,,
A1DB,1348|1348,1348|1348,unknown,Dead|Dead,1348,Missense_Mutation,unknown,1348,unknown,Yes,1348,Dead,1348,1348,1,,,,
6888,155|unknown,unknown|472,unknown|343,Alive|Dead,unknown,Missense_Mutation,unknown,155,343,Yes,472,Dead,472,343,1,,,,
A8F8,167|unknown,unknown|511,unknown,Alive|Dead,unknown,Missense_Mutation,unknown,167,unknown,Yes,511,Dead,511,511,1,,,,
5657,367|367|962,unknown|unknown|unknown,unknown,Alive|Alive|Alive,unknown,unknown,unknown,962,unknown,No,unknown,Alive,962,962,0,,,,
5661,306|306|1020,unknown|unknown|unknown,unknown,Alive|Alive|Alive,unknown,unknown,unknown,1020,unknown,No,unknown,Alive,1020,1020,0,,,,
3655,0|1856,unknown|unknown,unknown,Alive|Alive,unknown,Missense_Mutation,unknown,1856,unknown,Yes,unknown,Alive,1856,1856,0,,,,
A5YV,821|1301,unknown|unknown,unknown,Alive|Alive,unknown,Missense_Mutation,unknown,1301,unknown,Yes,unknown,Alive,1301,1301,0,,,,
4681,2180|2549|3247,unknown|unknown|unknown,unknown,Alive|Alive|Alive,unknown,Missense_Mutation,unknown,3247,unknown,Yes,unknown,Alive,3247,3247,0,,,,
6461,0|unknown,unknown|338,unknown|288,Alive|Dead,unknown,unknown,unknown,0,288,No,338,Dead,338,288,1,,,,
A02O,28,unknown,unknown,Alive,unknown,unknown,unknown,28,unknown,No,unknown,Alive,28,28,0,,,,
6854,16|16,unknown|unknown,unknown,Alive|Alive,unknown,Missense_Mutation|Missense_Mutation,unknown,16,unknown,Yes,unknown,Alive,16,16,0,,,,
3697,30|2587,unknown|unknown,unknown,Alive|Alive,unknown,unknown,unknown,2587,unknown,No,unknown,Alive,2587,2587,0,,,,
5900,2|370,unknown|unknown,unknown,Alive|Alive,unknown,unknown,unknown,370,unknown,No,unknown,Alive,370,370,0,,,,
6965,6|805,unknown|unknown,unknown|648,Alive|Alive,unknown,Nonsense_Mutation,unknown,805,648,Yes,unknown,Alive,805,648,0,,,,
6311,1112|1199,unknown|unknown,unknown,Alive|Alive,unknown,Frame_Shift_Del,unknown,1199,unknown,Yes,unknown,Alive,1199,1199,0,,,,
5864,61|61|457,unknown|unknown|unknown,unknown,Alive|Alive|Alive,unknown,Missense_Mutation|Missense_Mutation,unknown,457,unknown,Yes,unknown,Alive,457,457,0,,,,
3514,0|31,unknown|unknown,unknown,Alive|Alive,unknown,unknown,unknown,31,unknown,No,unknown,Alive,31,31,0,,,,
5341,183|273|579|884,unknown|unknown|unknown|unknown,unknown,Alive|Alive|Alive|Alive,unknown,Missense_Mutation|Missense_Mutation,unknown,884,unknown,Yes,unknown,Alive,884,884,0,,,,
A1D6,1518|1518,1518|1518,unknown,Dead|Dead,1518,unknown,unknown,1518,unknown,No,1518,Dead,1518,1518,1,,,,
A6GB,170|476,unknown|unknown,unknown,Alive|Alive,unknown,In_Frame_Ins,unknown,476,unknown,Yes,unknown,Alive,476,476,0,,,,
6535,10|460,unknown|unknown,unknown,Alive|Alive,unknown,Missense_Mutation,unknown,460,unknown,Yes,unknown,Alive,460,460,0,,,,
6322,547|792,unknown|unknown,unknown|789,Alive|Alive,unknown,unknown,unknown,792,789,No,unknown,Alive,792,789,0,,,,
3821,0|31,unknown|unknown,unknown,Alive|Alive,unknown,unknown,unknown,31,unknown,No,unknown,Alive,31,31,0,,,,
3952,unknown,61,unknown,Dead,unknown,unknown,unknown,unknown,unknown,No,61,Dead,61,61,1,,,,
6165,212|212|488,unknown|unknown|unknown,unknown,Alive|Alive|Alive,unknown,Splice_Site,unknown,488,unknown,Yes,unknown,Alive,488,488,0,,,,
3678,0|1430,unknown|unknown,unknown,Alive|Alive,unknown,unknown,unknown,1430,unknown,No,unknown,Alive,1430,1430,0,,,,
5659,286|286|926,unknown|unknown|unknown,unknown,Alive|Alive|Alive,unknown,unknown,unknown,926,unknown,No,unknown,Alive,926,926,0,,,,
3526,30|580,unknown|unknown,unknown,Alive|Alive,unknown,unknown,unknown,580,unknown,No,unknown,Alive,580,580,0,,,,
3552,0|unknown,unknown|396,unknown|122,Alive|Dead,unknown,unknown,unknown,0,122,No,396,Dead,396,122,1,,,,
6806,20|481|900|1260,unknown|unknown|unknown|unknown,unknown|336|613|1132,Alive|Alive|Alive|Alive,unknown,unknown,unknown,1260,336,No,unknown,Alive,1260,336,0,,,,
5861,335|335|457,unknown|unknown|unknown,unknown|335,Alive|Alive|Alive,unknown,unknown,unknown,457,335,No,unknown,Alive,457,335,0,,,,
3977,31|761,unknown|unknown,unknown,Alive|Alive,unknown,Missense_Mutation,unknown,761,unknown,Yes,unknown,Alive,761,761,0,,,,
3955,0|638,unknown|unknown,unknown,Alive|Alive,unknown,Frame_Shift_Del,unknown,638,unknown,Yes,unknown,Alive,638,638,0,,,,
6675,153|153|397,unknown|unknown|unknown,unknown|337,Alive|Alive|Alive,unknown,Nonsense_Mutation,unknown,397,337,Yes,unknown,Alive,397,337,0,,,,
5349,335|335|579|915,unknown|unknown|unknown|unknown,unknown,Alive|Alive|Alive|Alive,unknown,unknown,unknown,915,unknown,No,unknown,Alive,915,915,0,,,,
3712,0,unknown,unknown,Alive,unknown,Missense_Mutation,unknown,0,unknown,Yes,unknown,Alive,0,0,0,,,,
6537,137|unknown,unknown|146,unknown|123,Alive|Dead,unknown,unknown,unknown,137,123,No,146,Dead,146,123,1,,,,
A282,4122|4233,unknown|unknown,unknown,Alive|Alive,unknown,unknown,unknown,4233,unknown,No,unknown,Alive,4233,4233,0,,,,
6928,20|354,unknown|unknown,unknown,Alive|Alive,unknown,unknown,unknown,354,unknown,No,unknown,Alive,354,354,0,,,,
6899,48|unknown,unknown|176,unknown,Alive|Dead,unknown,Missense_Mutation,unknown,48,unknown,Yes,176,Dead,176,176,1,,,,
3837,31|1186,unknown|unknown,unknown,Alive|Alive,unknown,unknown,unknown,1186,unknown,No,unknown,Alive,1186,1186,0,,,,
6539,145|380,unknown|unknown,unknown,Alive|Alive,unknown,Missense_Mutation|Splice_Site,unknown,380,unknown,Yes,unknown,Alive,380,380,0,,,,
A5EK,13|500,unknown|unknown,unknown,Alive|Alive,unknown,Missense_Mutation,unknown,500,unknown,Yes,unknown,Alive,500,500,0,,,,
5255,2|93|376,unknown|unknown|unknown,unknown,Alive|Alive|Alive,unknown,unknown,unknown,376,unknown,No,unknown,Alive,376,376,0,,,,
3989,0|unknown,unknown|242,unknown,Alive|Dead,unknown,unknown,unknown,0,unknown,No,242,Dead,242,242,1,,,,
5541,202|350|1701,unknown|unknown|unknown,unknown,Alive|Alive|Alive,unknown,Missense_Mutation,unknown,1701,unknown,Yes,unknown,Alive,1701,1701,0,,,,
3851,0|1006,unknown|unknown,unknown,Alive|Alive,unknown,Missense_Mutation,unknown,1006,unknown,Yes,unknown,Alive,1006,1006,0,,,,
A00A,0|1157,unknown|unknown,unknown,Alive|Alive,unknown,unknown,unknown,1157,unknown,No,unknown,Alive,1157,1157,0,,,,
A28H,3423|3561,unknown|unknown,unknown|484,Alive|Alive,unknown,Missense_Mutation,unknown,3561,484,Yes,unknown,Alive,3561,484,0,,,,
3818,unknown,30,unknown,Dead,unknown,unknown,unknown,unknown,unknown,No,30,Dead,30,30,1,,,,
A1HB,3786|4126,unknown|unknown,unknown,Alive|Alive,3786,unknown,unknown,4126,unknown,No,unknown,Alive,3786,4126,0,,,,
A00R,30,unknown,unknown,Alive,unknown,unknown,unknown,30,unknown,No,unknown,Alive,30,30,0,,,,
6719,41|435,unknown|unknown,unknown|354,Alive|Alive,unknown,Splice_Site,unknown,435,354,Yes,unknown,Alive,435,354,0,,,,
3555,30|911,unknown|unknown,unknown|91,Alive|Alive,unknown,unknown,unknown,911,91,No,unknown,Alive,911,91,0,,,,
6889,1720|2056|unknown,unknown|unknown|2532,unknown|1516,Alive|Alive|Dead,unknown,3'UTR,unknown,2056,1516,No,2532,Dead,2532,1516,1,,,,
3710,31|821,unknown|unknown,unknown,Alive|Alive,unknown,unknown,unknown,821,unknown,No,unknown,Alive,821,821,0,,,,
A02J,unknown,153,unknown,Dead,unknown,unknown,unknown,unknown,unknown,No,153,Dead,153,153,1,,,,
6538,246|521,unknown|unknown,unknown,Alive|Alive,unknown,Missense_Mutation,unknown,521,unknown,Yes,unknown,Alive,521,521,0,,,,
A5YX,526|1003,unknown|unknown,unknown,Alive|Alive,unknown,Missense_Mutation,unknown,1003,unknown,Yes,unknown,Alive,1003,1003,0,,,,
6459,0|unknown,unknown|262,unknown,Alive|Dead,unknown,Missense_Mutation,unknown,0,unknown,Yes,262,Dead,262,262,1,,,,
3495,31|1127,unknown|unknown,unknown,Alive|Alive,unknown,unknown,unknown,1127,unknown,No,unknown,Alive,1127,1127,0,,,,
3530,0|580,unknown|unknown,unknown,Alive|Alive,unknown,unknown,unknown,580,unknown,No,unknown,Alive,580,580,0,,,,
4313,957|1532|2310,unknown|unknown|unknown,unknown,Alive|Alive|Alive,unknown,unknown,unknown,2310,unknown,No,unknown,Alive,2310,2310,0,,,,
3517,0|1186,unknown|unknown,unknown|821,Alive|Alive,unknown,unknown,unknown,1186,821,No,unknown,Alive,1186,821,0,,,,
3848,30|unknown,unknown|306,unknown,Alive|Dead,unknown,Frame_Shift_Ins,unknown,30,unknown,Yes,306,Dead,306,306,1,,,,
7000,41|312,unknown|unknown,unknown,Alive|Alive,unknown,unknown,unknown,312,unknown,No,unknown,Alive,312,312,0,,,,
3679,30|457,unknown|unknown,unknown,Alive|Alive,unknown,Missense_Mutation,unknown,457,unknown,Yes,unknown,Alive,457,457,0,,,,
6170,242|242|457,unknown|unknown|unknown,unknown,Alive|Alive|Alive,unknown,unknown,unknown,457,unknown,No,unknown,Alive,457,457,0,,,,
3968,0|669,unknown|unknown,unknown,Alive|Alive,unknown,Missense_Mutation,unknown,669,unknown,Yes,unknown,Alive,669,669,0,,,,
3543,0|30,unknown|unknown,unknown,Alive|Alive,unknown,unknown,unknown,30,unknown,No,unknown,Alive,30,30,0,,,,
3531,0|1035,unknown|unknown,unknown,Alive|Alive,unknown,unknown,unknown,1035,unknown,No,unknown,Alive,1035,1035,0,,,,
3667,0|426,unknown|unknown,unknown,Alive|Alive,unknown,Missense_Mutation,unknown,426,unknown,Yes,unknown,Alive,426,426,0,,,,
3662,0|184,unknown|unknown,unknown,Alive|Alive,unknown,Missense_Mutation,unknown,184,unknown,Yes,unknown,Alive,184,184,0,,,,
3672,0|28,unknown|unknown,unknown,Alive|Alive,unknown,unknown,unknown,28,unknown,No,unknown,Alive,28,28,0,,,,
3947,30|1004,unknown|unknown,unknown,Alive|Alive,unknown,unknown,unknown,1004,unknown,No,unknown,Alive,1004,1004,0,,,,
A54L,158|525,unknown|unknown,unknown|396,Alive|Alive,unknown,Frame_Shift_Del,unknown,525,396,Yes,unknown,Alive,525,396,0,,,,
A029,120|1581,unknown|unknown,unknown,Alive|Alive,unknown,unknown,unknown,1581,unknown,No,unknown,Alive,1581,1581,0,,,,
3713,30|579,unknown|unknown,unknown,Alive|Alive,unknown,unknown,unknown,579,unknown,No,unknown,Alive,579,579,0,,,,
6323,201|419,unknown|unknown,unknown,Alive|Alive,unknown,unknown,unknown,419,unknown,No,unknown,Alive,419,419,0,,,,
3494,31,unknown,unknown,Alive,unknown,unknown,unknown,31,unknown,No,unknown,Alive,31,31,0,,,,
6142,134|368|763,unknown|unknown|unknown,unknown|654,Alive|Alive|Alive,unknown,Missense_Mutation,unknown,763,654,Yes,unknown,Alive,763,654,0,,,,
6533,40|775,unknown|unknown,unknown,Alive|Alive,unknown,Missense_Mutation,unknown,775,unknown,Yes,unknown,Alive,775,775,0,,,,
6895,22|763,unknown|unknown,unknown,Alive|Alive,unknown,unknown,unknown,763,unknown,No,unknown,Alive,763,763,0,,,,
6303,1882|unknown,unknown|2003,unknown|872,Alive|Dead,unknown,Nonsense_Mutation,unknown,1882,872,Yes,2003,Dead,2003,872,1,,,,
6169,243|243|396,unknown|unknown|unknown,unknown,Alive|Alive|Alive,unknown,Nonsense_Mutation,unknown,396,unknown,Yes,unknown,Alive,396,396,0,,,,
A02K,0|unknown,unknown|426,unknown|306,Alive|Dead,unknown,Missense_Mutation,unknown,0,306,Yes,426,Dead,426,306,1,,,,
6922,134|308,unknown|unknown,unknown,Alive|Alive,unknown,Missense_Mutation,unknown,308,unknown,Yes,unknown,Alive,308,308,0,,,,
3831,0|547,unknown|unknown,unknown,Alive|Alive,unknown,unknown,unknown,547,unknown,No,unknown,Alive,547,547,0,,,,
3975,30|1036,unknown|unknown,unknown,Alive|Alive,unknown,Missense_Mutation,unknown,1036,unknown,Yes,unknown,Alive,1036,1036,0,,,,
5539,30|596,unknown|unknown,unknown|579,Alive|Alive,unknown,unknown,unknown,596,579,No,unknown,Alive,596,579,0,,,,
3502,31|1065,unknown|unknown,unknown,Alive|Alive,unknown,unknown,unknown,1065,unknown,No,unknown,Alive,1065,1065,0,,,,
5537,456|unknown,unknown|1381,unknown|722,Alive|Dead,unknown,unknown,unknown,456,722,No,1381,Dead,1381,722,1,,,,
A28C,2475|2475,2475|2475,unknown|1929,Dead|Dead,unknown,unknown,unknown,2475,1929,No,2475,Dead,2475,1929,1,,,,
3986,30|580,unknown|unknown,unknown,Alive|Alive,unknown,unknown,unknown,580,unknown,No,unknown,Alive,580,580,0,,,,
3833,0|485,unknown|unknown,unknown,Alive|Alive,unknown,unknown,unknown,485,unknown,No,unknown,Alive,485,485,0,,,,
6162,212|212|365,unknown|unknown|unknown,unknown,Alive|Alive|Alive,unknown,unknown,unknown,365,unknown,No,unknown,Alive,365,365,0,,,,
3867,0|731,unknown|unknown,unknown|394,Alive|Alive,unknown,Frame_Shift_Del,unknown,731,394,Yes,unknown,Alive,731,394,0,,,,
6569,0|409|1087,unknown|unknown|unknown,unknown,Alive|Alive|Alive,unknown,unknown,unknown,1087,unknown,No,unknown,Alive,1087,1087,0,,,,
4752,123|123|396,unknown|unknown|unknown,unknown,Alive|Alive|Alive,unknown,Missense_Mutation,unknown,396,unknown,Yes,unknown,Alive,396,396,0,,,,
3949,30|791,unknown|unknown,unknown,Alive|Alive,unknown,Missense_Mutation,unknown,791,unknown,Yes,unknown,Alive,791,791,0,,,,
6295,254|254,unknown|unknown,unknown,Alive|Alive,unknown,Frame_Shift_Del,unknown,254,unknown,Yes,unknown,Alive,254,254,0,,,,
3684,0,unknown,unknown,Alive,unknown,unknown,unknown,0,unknown,No,unknown,Alive,0,0,0,,,,
3538,0|791,unknown|unknown,unknown,Alive|Alive,unknown,unknown,unknown,791,unknown,No,unknown,Alive,791,791,0,,,,
A5Z1,202|unknown,unknown|256,unknown,Alive|Dead,unknown,Nonsense_Mutation,unknown,202,unknown,Yes,256,Dead,256,256,1,,,,
5407,1395|1868|2683,unknown|unknown|unknown,unknown,Alive|Alive|Alive,unknown,Missense_Mutation,unknown,2683,unknown,Yes,unknown,Alive,2683,2683,0,,,,
4750,244|244|244,unknown|unknown|unknown,unknown,Alive|Alive|Alive,unknown,Missense_Mutation,unknown,244,unknown,Yes,unknown,Alive,244,244,0,,,,
3509,0|1915,unknown|unknown,unknown,Alive|Alive,unknown,unknown,unknown,1915,unknown,No,unknown,Alive,1915,1915,0,,,,
3695,0,unknown,unknown,Alive,unknown,unknown,unknown,0,unknown,No,unknown,Alive,0,0,0,,,,
2686,488|488|unknown,unknown|unknown|1126,unknown,Alive|Alive|Dead,unknown,Frame_Shift_Del,unknown,488,unknown,Yes,1126,Dead,1126,1126,1,,,,
3685,31|1127,unknown|unknown,unknown,Alive|Alive,unknown,Missense_Mutation,unknown,1127,unknown,Yes,unknown,Alive,1127,1127,0,,,,
5660,342|342|888,unknown|unknown|unknown,unknown,Alive|Alive|Alive,unknown,In_Frame_Del,unknown,888,unknown,Yes,unknown,Alive,888,888,0,,,,
3855,0|975,unknown|unknown,unknown,Alive|Alive,unknown,unknown,unknown,975,unknown,No,unknown,Alive,975,975,0,,,,
3660,31|2375,unknown|unknown,unknown,Alive|Alive,unknown,Missense_Mutation,unknown,2375,unknown,Yes,unknown,Alive,2375,2375,0,,,,
2672,503|503|696|1419,unknown|unknown|unknown|unknown,unknown,Alive|Alive|Alive|Alive,unknown,unknown,unknown,1419,unknown,No,unknown,Alive,1419,1419,0,,,,
3496,31,unknown,unknown,Alive,unknown,Frame_Shift_Del,unknown,31,unknown,Yes,unknown,Alive,31,31,0,,,,
2682,unknown|unknown,424|424,unknown|381,Dead|Dead,unknown,Missense_Mutation,unknown,unknown,381,Yes,424,Dead,424,381,1,,,,
4616,unknown|unknown,156|156,unknown,Dead|Dead,unknown,Missense_Mutation,unknown,unknown,unknown,Yes,156,Dead,156,156,1,,,,
4951,1492|2134,unknown|2134,unknown|480,Alive|Dead,unknown,Missense_Mutation,unknown,2134,480,Yes,2134,Dead,2134,480,1,,,,
3811,30|unknown,unknown|306,unknown,Alive|Dead,unknown,Frame_Shift_Del,unknown,30,unknown,Yes,306,Dead,306,306,1,,,,
6898,45|229,unknown|unknown,unknown,Alive|Alive,unknown,Missense_Mutation,unknown,229,unknown,Yes,unknown,Alive,229,229,0,,,,
3522,0|1127,unknown|unknown,unknown,Alive|Alive,unknown,unknown,unknown,1127,unknown,No,unknown,Alive,1127,1127,0,,,,
A8FL,921|1177,unknown|unknown,256|256,Alive|Alive,unknown,Missense_Mutation,unknown,1177,256,Yes,unknown,Alive,1177,256,0,,,,
AB45,2038|2130,unknown|unknown,unknown,Alive|Alive,unknown,Missense_Mutation,unknown,2130,unknown,Yes,unknown,Alive,2130,2130,0,,,,
5862,unknown|unknown|unknown,153|153|153,unknown|31,Dead|Dead|Dead,unknown,Missense_Mutation,unknown,unknown,31,Yes,153,Dead,153,31,1,,,,
3845,unknown,0,unknown,Dead,unknown,unknown,unknown,unknown,unknown,No,0,Dead,0,0,1,,,,
A7HO,1829|1829|1829,unknown|unknown|unknown,506|506|1801,Alive|Alive|Alive,unknown,Missense_Mutation,unknown,1829,506,Yes,unknown,Alive,1829,506,0,,,,
6168,181|181|395,unknown|unknown|unknown,unknown,Alive|Alive|Alive,unknown,unknown,unknown,395,unknown,No,unknown,Alive,395,395,0,,,,
A00L,31|1157,unknown|unknown,unknown,Alive|Alive,unknown,unknown,unknown,1157,unknown,No,unknown,Alive,1157,1157,0,,,,
3544,0|426,unknown|unknown,unknown,Alive|Alive,unknown,unknown,unknown,426,unknown,No,unknown,Alive,426,426,0,,,,
3807,333|333|1054,unknown|unknown|unknown,unknown,Alive|Alive|Alive,unknown,Nonsense_Mutation,unknown,1054,unknown,Yes,unknown,Alive,1054,1054,0,,,,
A02W,31|1247,unknown|unknown,unknown|1005,Alive|Alive,unknown,Nonsense_Mutation,unknown,1247,1005,Yes,unknown,Alive,1247,1005,0,,,,
3956,0|1035,unknown|unknown,unknown,Alive|Alive,unknown,Missense_Mutation,unknown,1035,unknown,Yes,unknown,Alive,1035,1035,0,,,,
6679,122|122|306,unknown|unknown|unknown,unknown,Alive|Alive|Alive,unknown,Frame_Shift_Ins,unknown,306,unknown,Yes,unknown,Alive,306,306,0,,,,
A00U,31|518,unknown|unknown,unknown,Alive|Alive,unknown,unknown,unknown,518,unknown,No,unknown,Alive,518,518,0,,,,
A0XF,unknown|unknown,1162|1162,unknown,Dead|Dead,unknown,unknown,unknown,unknown,unknown,No,1162,Dead,1162,1162,1,,,,
3970,0|1096,unknown|unknown,unknown,Alive|Alive,unknown,unknown,unknown,1096,unknown,No,unknown,Alive,1096,1096,0,,,,
6626,unknown|unknown,1422|1422,unknown,Dead|Dead,unknown,Missense_Mutation,unknown,unknown,unknown,Yes,1422,Dead,1422,1422,1,,,,
3693,0,unknown,unknown,Alive,unknown,Missense_Mutation,unknown,0,unknown,Yes,unknown,Alive,0,0,0,,,,
6929,146|408,unknown|unknown,unknown,Alive|Alive,unknown,Missense_Mutation,unknown,408,unknown,Yes,unknown,Alive,408,408,0,,,,
6855,42|1077|651|1442,unknown|unknown|unknown|unknown,unknown,Alive|Alive|Alive|Alive,unknown,unknown,unknown,1442,unknown,No,unknown,Alive,1442,1442,0,,,,
A28M,2775|2895,unknown|unknown,unknown,Alive|Alive,unknown,unknown,unknown,2895,unknown,No,unknown,Alive,2895,2895,0,,,,
6676,153|153|337,unknown|unknown|unknown,unknown,Alive|Alive|Alive,unknown,Missense_Mutation,unknown,337,unknown,Yes,unknown,Alive,337,337,0,,,,
A5EJ,0,unknown,unknown,Alive,unknown,Frame_Shift_Ins,unknown,0,unknown,Yes,unknown,Alive,0,0,0,,,,
6299,2077|2268,unknown|unknown,unknown,Alive|Alive,unknown,Nonsense_Mutation,unknown,2268,unknown,Yes,unknown,Alive,2268,2268,0,,,,
6890,24|746,unknown|unknown,unknown,Alive|Alive,unknown,unknown,unknown,746,unknown,No,unknown,Alive,746,746,0,,,,
3554,0|546,unknown|unknown,unknown,Alive|Alive,unknown,unknown,unknown,546,unknown,No,unknown,Alive,546,546,0,,,,
3866,0|518,unknown|unknown,unknown,Alive|Alive,unknown,Nonsense_Mutation,unknown,518,unknown,Yes,unknown,Alive,518,518,0,,,,
3872,0,unknown,unknown,Alive,unknown,unknown,unknown,0,unknown,No,unknown,Alive,0,0,0,,,,
3877,30|943,unknown|unknown,unknown,Alive|Alive,unknown,Silent,unknown,943,unknown,Yes,unknown,Alive,943,943,0,,,,
6809,39|unknown,unknown|403,unknown,Alive|Dead,unknown,Missense_Mutation,unknown,39,unknown,Yes,403,Dead,403,403,1,,,,
3549,0|639,unknown|unknown,unknown,Alive|Alive,unknown,unknown,unknown,639,unknown,No,unknown,Alive,639,639,0,,,,
A92H,0|362,unknown|unknown,unknown|81,Alive|Alive,unknown,Missense_Mutation,unknown,362,81,Yes,unknown,Alive,362,81,0,,,,
6004,203|824,unknown|unknown,unknown,Alive|Alive,unknown,unknown,unknown,824,unknown,No,unknown,Alive,824,824,0,,,,
3511,0|212,unknown|unknown,unknown|59,Alive|Alive,unknown,Missense_Mutation,unknown,212,59,Yes,unknown,Alive,212,59,0,,,,
6931,43|365,unknown|unknown,unknown,Alive|Alive,unknown,Missense_Mutation,unknown,365,unknown,Yes,unknown,Alive,365,365,0,,,,
3971,0|489,unknown|unknown,unknown,Alive|Alive,unknown,Splice_Site,unknown,489,unknown,Yes,unknown,Alive,489,489,0,,,,
3967,0|943,unknown|unknown,unknown,Alive|Alive,unknown,Missense_Mutation,unknown,943,unknown,Yes,unknown,Alive,943,943,0,,,,
6856,20|591|1074,unknown|unknown|unknown,unknown,Alive|Alive|Alive,unknown,Nonsense_Mutation,unknown,1074,unknown,Yes,unknown,Alive,1074,1074,0,,,,
6606,unknown|unknown,357|357,unknown,Dead|Dead,unknown,Missense_Mutation,unknown,unknown,unknown,Yes,357,Dead,357,357,1,,,,
3681,0|182,unknown|unknown,unknown,Alive|Alive,unknown,Missense_Mutation,unknown,182,unknown,Yes,unknown,Alive,182,182,0,,,,
A280,236|236,236|236,unknown,Dead|Dead,unknown,unknown,unknown,236,unknown,No,236,Dead,236,236,1,,,,
2671,648|648|802|1126|unknown,unknown|unknown|unknown|unknown|1331,unknown|535|830|1215,Alive|Alive|Alive|Alive|Dead,unknown,unknown,482289.082567,1126,535,No,1331,Dead,1331,535,1,,,,
3488,unknown,153,unknown,Dead,unknown,Missense_Mutation,unknown,unknown,unknown,Yes,153,Dead,153,153,1,,,,
6932,19|346,unknown|unknown,unknown,Alive|Alive,unknown,Missense_Mutation,unknown,346,unknown,Yes,unknown,Alive,346,346,0,,,,
2676,447|447|711|unknown,unknown|unknown|unknown|1305,unknown,Alive|Alive|Alive|Dead,unknown,unknown,unknown,711,unknown,No,1305,Dead,1305,1305,1,,,,
A28K,2835|2988,unknown|unknown,unknown,Alive|Alive,unknown,unknown,unknown,2988,unknown,No,unknown,Alive,2988,2988,0,,,,
3673,0|1522,unknown|unknown,unknown,Alive|Alive,unknown,Splice_Region,unknown,1522,unknown,No,unknown,Alive,1522,1522,0,,,,
3979,0|730,unknown|unknown,unknown,Alive|Alive,unknown,Missense_Mutation,unknown,730,unknown,Yes,unknown,Alive,730,730,0,,,,
3525,0|245,unknown|unknown,unknown,Alive|Alive,unknown,unknown,unknown,245,unknown,No,unknown,Alive,245,245,0,,,,
6531,17|540,unknown|unknown,unknown,Alive|Alive,unknown,Missense_Mutation,unknown,540,unknown,Yes,unknown,Alive,540,540,0,,,,
4615,506|1002,unknown|unknown,unknown,Alive|Alive,unknown,unknown,unknown,1002,unknown,No,unknown,Alive,1002,1002,0,,,,
3558,0|638,unknown|unknown,unknown|92,Alive|Alive,unknown,unknown,unknown,638,92,No,unknown,Alive,638,92,0,,,,
2685,464|464|1133,unknown|unknown|unknown,unknown|948,Alive|Alive|Alive,unknown,Nonsense_Mutation,unknown,1133,948,Yes,unknown,Alive,1133,948,0,,,,
6306,1359|1359,unknown|unknown,unknown,Alive|Alive,unknown,Missense_Mutation,unknown,1359,unknown,Yes,unknown,Alive,1359,1359,0,,,,
3556,0|700,unknown|unknown,unknown,Alive|Alive,unknown,unknown,unknown,700,unknown,No,unknown,Alive,700,700,0,,,,
6901,31|unknown,unknown|682,unknown|468,Alive|Dead,unknown,Missense_Mutation,unknown,31,468,Yes,682,Dead,682,468,1,,,,
5820,14|unknown,unknown|unknown,unknown,Alive|None,unknown,unknown,unknown,14,unknown,No,unknown,Alive,14,14,0,,,,
4105,unknown|unknown,442|442,unknown|364,Dead|Dead,unknown,Missense_Mutation,unknown,unknown,364,Yes,442,Dead,442,364,1,,,,
3984,0,unknown,unknown,Alive,unknown,unknown,unknown,0,unknown,No,unknown,Alive,0,0,0,,,,
A50T,125|553,unknown|unknown,unknown,Alive|Alive,unknown,unknown,unknown,553,unknown,No,unknown,Alive,553,553,0,,,,
3680,0|unknown,unknown|335,unknown,Alive|Dead,unknown,unknown,unknown,0,unknown,No,335,Dead,335,335,1,,,,
3666,unknown,61,unknown,Dead,unknown,Missense_Mutation,unknown,unknown,unknown,Yes,61,Dead,61,61,1,,,,
6541,108|474,unknown|unknown,unknown,Alive|Alive,unknown,Missense_Mutation,unknown,474,unknown,Yes,unknown,Alive,474,474,0,,,,
3973,0|397,unknown|unknown,unknown,Alive|Alive,unknown,unknown,unknown,397,unknown,No,unknown,Alive,397,397,0,,,,
A01Z,0|1126,unknown|unknown,unknown|1126,Alive|Alive,unknown,Frame_Shift_Ins,unknown,1126,1126,Yes,unknown,Alive,1126,1126,0,,,,
6964,23|unknown,unknown|331,unknown|325,Alive|Dead,unknown,unknown,unknown,23,325,No,331,Dead,331,325,1,,,,
6704,47,unknown,unknown,Alive,unknown,unknown,unknown,47,unknown,No,unknown,Alive,47,47,0,,,,
A5Z2,449|952,unknown|unknown,unknown,Alive|Alive,unknown,unknown,unknown,952,unknown,No,unknown,Alive,952,952,0,,,,
3966,61,unknown,unknown,Alive,unknown,unknown,unknown,61,unknown,No,unknown,Alive,61,61,0,,,,
A01I,31|943,unknown|unknown,unknown,Alive|Alive,unknown,unknown,unknown,943,unknown,No,unknown,Alive,943,943,0,,,,
6294,unknown|unknown,858|858,unknown|517,Dead|Dead,unknown,Missense_Mutation,unknown,unknown,517,Yes,858,Dead,858,517,1,,,,
3715,30|unknown,unknown|579,unknown|153,Alive|Dead,unknown,unknown,unknown,30,153,No,579,Dead,579,153,1,,,,
3809,314|314|996,unknown|unknown|unknown,unknown,Alive|Alive|Alive,unknown,unknown,unknown,996,unknown,No,unknown,Alive,996,996,0,,,,
3553,0|730,unknown|unknown,unknown,Alive|Alive,unknown,unknown,unknown,730,unknown,No,unknown,Alive,730,730,0,,,,
4744,214|214|609,unknown|unknown|unknown,unknown,Alive|Alive|Alive,unknown,unknown,unknown,609,unknown,No,unknown,Alive,609,609,0,,,,
3846,31|518,unknown|unknown,unknown,Alive|Alive,unknown,unknown,unknown,518,unknown,No,unknown,Alive,518,518,0,,,,
3982,0|822,unknown|unknown,unknown,Alive|Alive,unknown,Missense_Mutation,unknown,822,unknown,Yes,unknown,Alive,822,822,0,,,,
3542,0|395,unknown|unknown,unknown,Alive|Alive,unknown,unknown,unknown,395,unknown,No,unknown,Alive,395,395,0,,,,
A288,427|427|427,427|427|427,unknown|320|320,Dead|Dead|Dead,unknown,Missense_Mutation,unknown,427,320,Yes,427,Dead,427,320,1,,,,
6298,unknown|unknown,715|715,unknown|291,Dead|Dead,unknown,Missense_Mutation,unknown,unknown,291,Yes,715,Dead,715,291,1,,,,
6463,0|415|1087,unknown|unknown|unknown,unknown,Alive|Alive|Alive,unknown,unknown,unknown,1087,unknown,No,unknown,Alive,1087,1087,0,,,,
3521,unknown,unknown,unknown,Alive,unknown,unknown,unknown,unknown,unknown,No,unknown,Alive,unknown,unknown,0,,,,
6963,3|834,unknown|unknown,unknown,Alive|Alive,unknown,Missense_Mutation,unknown,834,unknown,Yes,unknown,Alive,834,834,0,,,,
6748,61|unknown|61,unknown|unknown|unknown,unknown,Alive|Alive|Alive,unknown,unknown,unknown,61,unknown,No,unknown,Alive,61,61,0,,,,
6715,2|383,unknown|unknown,unknown,Alive|Alive,unknown,Missense_Mutation,unknown,383,unknown,Yes,unknown,Alive,383,383,0,,,,
3819,0|761,unknown|unknown,unknown,Alive|Alive,unknown,unknown,unknown,761,unknown,No,unknown,Alive,761,761,0,,,,
A5IV,85|588,unknown|unknown,unknown,Alive|Alive,unknown,5'UTR,unknown,588,unknown,No,unknown,Alive,588,588,0,,,,
6197,113|423|652,unknown|unknown|unknown,unknown,Alive|Alive|Alive,unknown,Missense_Mutation,unknown,652,unknown,Yes,unknown,Alive,652,652,0,,,,
A8YK,209|573,unknown|unknown,unknown,Alive|Alive,unknown,Nonsense_Mutation,unknown,573,unknown,Yes,unknown,Alive,573,573,0,,,,
6601,unknown|unknown,3042|3042,unknown|2270,Dead|Dead,unknown,Missense_Mutation|Splice_Region,unknown,unknown,2270,Yes,3042,Dead,3042,2270,1,,,,
6650,173|278|627,unknown|unknown|unknown,unknown,Alive|Alive|Alive,unknown,Missense_Mutation,unknown,627,unknown,Yes,unknown,Alive,627,627,0,,,,
6196,6|6|unknown,unknown|unknown|unknown,unknown,Alive|Alive|Alive,unknown,Missense_Mutation,unknown,6,unknown,Yes,unknown,Alive,6,6,0,,,,
6307,1485|1674,unknown|unknown,unknown,Alive|Alive,unknown,Missense_Mutation,unknown,1674,unknown,Yes,unknown,Alive,1674,1674,0,,,,
A285,unknown|unknown,179|179,unknown,Dead|Dead,unknown,Splice_Site,unknown,unknown,unknown,Yes,179,Dead,179,179,1,,,,
5256,0|65|379,unknown|unknown|unknown,unknown,Alive|Alive|Alive,unknown,unknown,unknown,379,unknown,No,unknown,Alive,379,379,0,,,,
4947,534|unknown|534,unknown|unknown|unknown,unknown|21,Alive|Alive|Alive,unknown,unknown,unknown,534,21,No,unknown,Alive,534,21,0,,,,
6137,195|348|824,unknown|unknown|unknown,unknown,Alive|Alive|Alive,unknown,Missense_Mutation,unknown,824,unknown,Yes,unknown,Alive,824,824,0,,,,
3489,31|unknown,unknown|214,unknown,Alive|Dead,unknown,unknown,unknown,31,unknown,No,214,Dead,214,214,1,,,,
3941,31|730,unknown|unknown,unknown,Alive|Alive,unknown,In_Frame_Del,unknown,730,unknown,Yes,unknown,Alive,730,730,0,,,,
A00J,0|549,unknown|unknown,unknown,Alive|Alive,unknown,unknown,unknown,549,unknown,No,unknown,Alive,549,549,0,,,,
A02H,unknown,61,unknown,Dead,unknown,Missense_Mutation,unknown,unknown,unknown,Yes,61,Dead,61,61,1,,,,
A00Q,0|1278,unknown|unknown,unknown,Alive|Alive,unknown,unknown,unknown,1278,unknown,No,unknown,Alive,1278,1278,0,,,,
4747,244|244|761,unknown|unknown|unknown,unknown,Alive|Alive|Alive,unknown,unknown,unknown,761,unknown,No,unknown,Alive,761,761,0,,,,
4071,unknown|unknown,29|29,unknown,Dead|Dead,unknown,Missense_Mutation,unknown,unknown,unknown,Yes,29,Dead,29,29,1,,,,
A69D,168|543,unknown|unknown,unknown,Alive|Alive,unknown,unknown,unknown,543,unknown,No,unknown,Alive,543,543,0,,,,
3862,31|914,unknown|unknown,unknown,Alive|Alive,unknown,Missense_Mutation,unknown,914,unknown,Yes,unknown,Alive,914,914,0,,,,
A03J,0|1246,unknown|unknown,unknown,Alive|Alive,unknown,Missense_Mutation,unknown,1246,unknown,Yes,unknown,Alive,1246,1246,0,,,,
3841,0|1124,unknown|unknown,unknown,Alive|Alive,unknown,Missense_Mutation,unknown,1124,unknown,Yes,unknown,Alive,1124,1124,0,,,,
6926,95|275,unknown|unknown,unknown,Alive|Alive,unknown,Missense_Mutation,unknown,275,unknown,Yes,unknown,Alive,275,275,0,,,,
A565,unknown|unknown,494|494,301|439,Dead|Dead,unknown,unknown,unknown,unknown,301,No,494,Dead,494,301,1,,,,
A01C,30|457,unknown|unknown,unknown,Alive|Alive,unknown,Frame_Shift_Del,unknown,457,unknown,Yes,unknown,Alive,457,457,0,,,,
5254,5|68|386,unknown|unknown|unknown,unknown,Alive|Alive|Alive,unknown,unknown,unknown,386,unknown,No,unknown,Alive,386,386,0,,,,
A28E,3530|3648,unknown|unknown,unknown,Alive|Alive,unknown,Missense_Mutation,unknown,3648,unknown,Yes,unknown,Alive,3648,3648,0,,,,
A8F7,158|543,unknown|unknown,unknown,Alive|Alive,unknown,In_Frame_Del,unknown,543,unknown,Yes,unknown,Alive,543,543,0,,,,
2680,522|522|704|1068,unknown|unknown|unknown|unknown,unknown,Alive|Alive|Alive|Alive,unknown,unknown,unknown,1068,unknown,No,unknown,Alive,1068,1068,0,,,,
6652,135|456|751,unknown|unknown|unknown,unknown,Alive|Alive|Alive,unknown,Missense_Mutation,unknown,751,unknown,Yes,unknown,Alive,751,751,0,,,,
6653,91|282|742,unknown|unknown|unknown,unknown,Alive|Alive|Alive,unknown,unknown,unknown,742,unknown,No,unknown,Alive,742,742,0,,,,
A566,unknown|unknown,758|758,257|257,Dead|Dead,unknown,unknown,unknown,unknown,257,No,758,Dead,758,257,1,,,,
6171,182|182|427,unknown|unknown|unknown,unknown,Alive|Alive|Alive,unknown,unknown,unknown,427,unknown,No,unknown,Alive,427,427,0,,,,
2675,515|846|1321,unknown|unknown|unknown,unknown,Alive|Alive|Alive,unknown,Nonsense_Mutation,unknown,1321,unknown,Yes,unknown,Alive,1321,1321,0,,,,
5348,393|393|668|699,unknown|unknown|unknown|unknown,unknown,Alive|Alive|Alive|Alive,unknown,Missense_Mutation,unknown,699,unknown,Yes,unknown,Alive,699,699,0,,,,
A5YW,399|896,unknown|unknown,unknown,Alive|Alive,unknown,Splice_Site,unknown,896,unknown,Yes,unknown,Alive,896,896,0,,,,
A1D9,3920|4270,unknown|unknown,unknown,Alive|Alive,3920,Missense_Mutation,unknown,4270,unknown,Yes,unknown,Alive,3920,4270,0,,,,
6529,260|614,unknown|unknown,unknown|386,Alive|Alive,unknown,unknown,unknown,614,386,No,unknown,Alive,614,386,0,,,,
2681,552|552|671|1387,unknown|unknown|unknown|unknown,unknown|1150,Alive|Alive|Alive|Alive,unknown,Missense_Mutation,unknown,1387,1150,Yes,unknown,Alive,1387,1150,0,,,,
4315,1334|1776,unknown|unknown,unknown,Alive|Alive,unknown,unknown,unknown,1776,unknown,No,unknown,Alive,1776,1776,0,,,,
AAT4,unknown|unknown,49|49,unknown,Dead|Dead,unknown,Missense_Mutation,unknown,unknown,unknown,Yes,49,Dead,49,49,1,,,,
6924,89|435,unknown|unknown,unknown,Alive|Alive,unknown,Missense_Mutation,unknown,435,unknown,Yes,unknown,Alive,435,435,0,,,,
