id	filename	md5	size	state
75948a51-1465-4815-aef4-40e0bd557283	nationwidechildrens.org_clinical.TCGA-AA-3864.xml	e3a0a4e972b16111d4cff32abc598106	29028	live
b416f556-252f-4c15-99e8-3a7baf9108b5	nationwidechildrens.org_clinical.TCGA-AY-4070.xml	4fd2abe96d69b2d9f3b51a0a9527024a	56460	live
0ddbc499-9068-4610-b17f-f4fb29fe2725	nationwidechildrens.org_clinical.TCGA-AA-3860.xml	aa0810e3ba8b800257b9c940e8a40b61	46555	live
82b03540-557b-4bdb-a679-ec143abf3b21	nationwidechildrens.org_clinical.TCGA-AA-3950.xml	f27522c8d7c76352bb01a3801027f138	29028	live
c9c63bf9-8af1-4907-84ca-b847746024a3	nationwidechildrens.org_clinical.TCGA-CK-5913.xml	ccbc46fe43a4e3b718a9e1e5dfa9accc	30450	live
190430f6-8cd5-4737-9d9d-05e0d1cd5e72	nationwidechildrens.org_clinical.TCGA-AZ-6608.xml	9f9efe0e3b7646119f7d90a8a52ce61c	28762	live
31a65383-ba74-4ada-baee-654bb1fdb7ed	nationwidechildrens.org_clinical.TCGA-AA-3956.xml	8d3f589164ee63e1444c41540bce58bc	28818	live
f10c5e63-5526-48d7-ba0d-e4d1d50a6d35	nationwidechildrens.org_clinical.TCGA-F4-6461.xml	ca50e89832fac39f467d251d9414183e	31485	live
43abcea1-3424-4ab7-9487-a79a25ff84d7	nationwidechildrens.org_clinical.TCGA-QG-A5YV.xml	1b4570a1c3edf48b780ea711d65d6efb	35454	live
7b5758ef-0acb-49b3-84aa-0daabad361c6	nationwidechildrens.org_clinical.TCGA-DM-A1D9.xml	49efe637dff1bb25fc43563654527efe	28798	live
85ef06a6-f948-4a85-ab39-5c5cf43b96fb	nationwidechildrens.org_clinical.TCGA-CA-6719.xml	60195332138c5cae9acfbc27df7e7394	31152	live
e524ba06-8ad5-44e7-9e55-53af228441e5	nationwidechildrens.org_clinical.TCGA-AA-3666.xml	403ae98180cf7d1161e9c74f88579b3e	24127	live
4ffb071e-f43c-4b65-8f4f-c116b9bdb6f9	nationwidechildrens.org_clinical.TCGA-5M-AAT6.xml	b5fc28735e27e27ccab7960b2fa2c8ff	34308	live
11e3fb9e-95a7-4695-ba85-e8a534b0bc77	nationwidechildrens.org_clinical.TCGA-AA-3681.xml	6428283b25be24dda3c2170d6ac562b4	29032	live
5f6e48d5-8751-4709-a337-22948ea2f3b3	nationwidechildrens.org_clinical.TCGA-A6-2685.xml	90a1f261f402f479096b959de9b07e6b	36182	live
66f12736-afa7-4da3-bfc6-ddf247cd6a90	nationwidechildrens.org_clinical.TCGA-DM-A28H.xml	47ba598c77c5e6fea21ae662ffb9e02e	31523	live
f6c08bc9-e57f-40a6-ad8d-824bdee9e3fb	nationwidechildrens.org_clinical.TCGA-AA-3713.xml	76d69c8c8afc4c715fd08a3305a4aa31	44324	live
ce38fc8f-1589-433b-95c7-3cb046f4df7e	nationwidechildrens.org_clinical.TCGA-AA-3971.xml	ec695e8f53b93c89123f358414ccecff	46602	live
66ff122e-1069-4aad-bcb0-187f822e5141	nationwidechildrens.org_clinical.TCGA-AA-3524.xml	a4fe30085a4c8c95afedeb42ba39e470	29073	live
259e0c7f-f625-4327-b92c-835d47ba05d8	nationwidechildrens.org_clinical.TCGA-A6-5657.xml	72d30e72750a634a0878ece9eb23a6a1	52561	live
6214c5cf-28b2-469a-a2e0-73abde67c906	nationwidechildrens.org_clinical.TCGA-A6-4107.xml	8da1f5bc2674067ce55998c5c4fdcd1d	60302	live
73719d1d-6871-4115-873a-4e9d1e56e526	nationwidechildrens.org_clinical.TCGA-D5-6537.xml	57e3b8bff30d7dfe3ec884395d7ac247	31593	live
3867c40b-5eeb-4a75-9e12-24241505d89a	nationwidechildrens.org_clinical.TCGA-AA-3552.xml	e4f1e37e935b06aedd1bb36682add901	31449	live
0dc21e3b-594b-4f03-ac09-74b7517e9f48	nationwidechildrens.org_clinical.TCGA-AA-A004.xml	c834544d7d531b60966cd880165c44c3	28979	live
14c4d292-5cb0-4b44-a6c0-44b482b4dc72	nationwidechildrens.org_clinical.TCGA-AZ-4615.xml	e77abe42d3610633c50fa3bd8a1b9a9b	37439	live
c057ed17-b5d1-4776-9d41-f2073877886c	nationwidechildrens.org_clinical.TCGA-NH-A8F8.xml	37453ab5b75e409920fb4b873af5224f	58427	live
1ce7daa1-d78d-4cf8-b03d-5e086bfee410	nationwidechildrens.org_clinical.TCGA-AA-A00N.xml	3e90a41c9dbecaf91cbafceff906eb78	24139	live
b18aa7a9-769c-4262-9cc3-7016191b8717	nationwidechildrens.org_clinical.TCGA-AD-5900.xml	dffc22c300acc193f650641fff169d2b	28969	live
6fb21c62-1645-4914-ac6b-a98a990d94cf	nationwidechildrens.org_clinical.TCGA-D5-6536.xml	a47aeb5f173bff379bdbc37188036c96	40586	live
f69e9ed7-989d-4070-8f94-f97a70d210e6	nationwidechildrens.org_clinical.TCGA-D5-6928.xml	b815dfeb3a976f8d0100d945fe3865ec	29270	live
1b417933-da11-4450-86c0-fde4d94109ce	nationwidechildrens.org_clinical.TCGA-DM-A1D7.xml	6619b52ef986741c00682647d97af092	45177	live
f2d2b5e2-ee46-4184-8e30-51a1fbb80659	nationwidechildrens.org_clinical.TCGA-DM-A28E.xml	0f9caa4c488b6e1b1ba39ae6bd8404bb	28909	live
49eef9b8-4a0f-41e7-830d-0fd77e3d80b0	nationwidechildrens.org_clinical.TCGA-A6-6142.xml	2e86437b9bcf88899320ee2b606e4dc6	62806	live
ab305d33-9591-46bb-b49d-44628c598b22	nationwidechildrens.org_clinical.TCGA-AA-3866.xml	ca65e15e55fd47ee3f9517f656122f16	29065	live
129e61e2-4a3f-4c9d-9d21-f7e0141fc153	nationwidechildrens.org_clinical.TCGA-D5-6532.xml	a6c3d0144578d59222f5563dc018a426	28886	live
9e8efb73-2809-4224-80eb-5fe64b506ce5	nationwidechildrens.org_clinical.TCGA-DM-A280.xml	b64bd8947795c3d70c480b88399dfe45	29085	live
840c8737-101e-406d-9a09-9055486befc8	nationwidechildrens.org_clinical.TCGA-AA-3986.xml	4603cd953eb30c051385550525cff87e	29076	live
e602be69-15fa-4505-8cc9-1bf55cc8aac6	nationwidechildrens.org_clinical.TCGA-A6-3810.xml	7346738d15084455f745a3a98f848b53	33964	live
fcdee184-e83a-426f-b36f-7638b489cd49	nationwidechildrens.org_clinical.TCGA-AA-3982.xml	eb6a1864279b57e011c1cc4fe4d7d702	28749	live
988d111b-6dfe-4b9c-817e-4f0a9ce38ef1	nationwidechildrens.org_clinical.TCGA-G4-6306.xml	b1632de06e41bfae400df3894df4a699	29132	live
c65d1f33-7112-40d4-9442-f463eea9d993	nationwidechildrens.org_clinical.TCGA-AY-6386.xml	0b9d0f242b1ba0b90d5480212490514a	52696	live
73c8575f-796b-45e4-932d-59a49cbf08ca	nationwidechildrens.org_clinical.TCGA-AA-3967.xml	8d0c4ddfb4301953bbb86183d5a90b97	46604	live
83c77385-b35a-4862-82aa-eb5f013a3fc3	nationwidechildrens.org_clinical.TCGA-A6-6137.xml	5918c8d2f991a3c2f7273f87b8f26691	52480	live
f959b605-f4a7-4b57-8db6-943380e85631	nationwidechildrens.org_clinical.TCGA-AA-3870.xml	13150ca024a4d159db9114033da72b43	46519	live
b510bc0c-5ad7-4115-944a-0f15e716cf09	nationwidechildrens.org_clinical.TCGA-AA-A00U.xml	bfea835836872776f3756e3230a44ae8	46497	live
5dc88e70-61e4-42be-a04c-48c311cb1f42	nationwidechildrens.org_clinical.TCGA-AA-3678.xml	ef53cc8f4092661ef78773bf409b3859	40769	live
180a78d8-f9de-4261-859a-8996c1c0bc44	nationwidechildrens.org_clinical.TCGA-A6-2681.xml	f37be7f6a07cfee0c2fb4b6e82aa780e	40711	live
e81efa66-f735-4458-96a0-16dbd529209e	nationwidechildrens.org_clinical.TCGA-AA-3560.xml	9f3e351e0015bda3ad3ce182dddf8126	46543	live
8276a6a1-8ada-4ebb-9a92-3a1882a49226	nationwidechildrens.org_clinical.TCGA-AA-3821.xml	048e383ed0f5a93b960edfc72197b46b	28835	live
9e4c48db-da29-495c-b1f4-48e9a640969b	nationwidechildrens.org_clinical.TCGA-A6-A56B.xml	12412b2e52d3a0434691e5e302f5a455	61092	live
df852d6c-9e6d-4815-b59c-ca133ce9c3a4	nationwidechildrens.org_clinical.TCGA-CM-6162.xml	3a0ca59cc145d65afe36031c2f1c4a4c	60375	live
ac5ac1cc-f2e9-4e30-ac37-679628dd523d	nationwidechildrens.org_clinical.TCGA-F4-6807.xml	853840371d96175db6313a0c64edea5e	44867	live
3d1cec96-22cc-426a-a53b-8ae8756da9fd	nationwidechildrens.org_clinical.TCGA-AA-3522.xml	114dd5f4481e4788527bed8288f85bf0	29077	live
4948766c-846f-4ebd-981f-8a07e6e7db87	nationwidechildrens.org_clinical.TCGA-DM-A0XF.xml	06cff3fea89023c851e4e88566eb7536	40347	live
821fa271-0129-49a8-aaf7-9fc6786ca02d	nationwidechildrens.org_clinical.TCGA-CM-5344.xml	b3a2664e38fc985cf5e4f9d28bc0d8e5	77667	live
84728bb3-a7aa-4818-a48b-b667db999adc	nationwidechildrens.org_clinical.TCGA-AA-A00L.xml	219194e25668a4388e5ae0fbc86ef3de	29025	live
8cabfa6a-0e76-4020-b75f-7d66c0a85ecf	nationwidechildrens.org_clinical.TCGA-CM-5348.xml	ba2695dbf611491a70d660bb8ca1c716	38350	live
7e17a433-4662-4c63-8a00-82d1ab71d38c	nationwidechildrens.org_clinical.TCGA-4N-A93T.xml	2c777a02865563acbf1d6c8936bae556	36639	live
17bc9548-b70c-48c0-b63e-9d5b966011ed	nationwidechildrens.org_clinical.TCGA-DM-A1DA.xml	93c985566a427b57650443f9f5517ea1	28789	live
f8028a09-6284-457a-8792-8cf07695b9d2	nationwidechildrens.org_clinical.TCGA-CM-5863.xml	7ab914dda3f2acf5a6a46a817c042f2f	65408	live
524ef52b-b0ae-4520-9a10-fd5546534cfd	nationwidechildrens.org_clinical.TCGA-CM-4752.xml	403234efb24e96de010f360e5bdfb3f2	33789	live
ab760e55-3c2b-4009-aa75-4871f4f512d4	nationwidechildrens.org_clinical.TCGA-DM-A0XD.xml	276bc2cca7f1eea3e85aa90b7b89ef3a	45382	live
6609c221-97eb-4fb1-97bf-9b1221c4cccb	nationwidechildrens.org_clinical.TCGA-AA-3520.xml	e4984f0f642c1ff694a5a49e7dacd3b8	28829	live
2174ebf3-d2f2-425b-bda8-cc3021c662be	nationwidechildrens.org_clinical.TCGA-AA-3489.xml	ebd738dbafbc8435a0c8954016d7be99	28805	live
79816cab-bb58-47bc-80ae-b1f10a780e10	nationwidechildrens.org_clinical.TCGA-G4-6314.xml	7064cb140b49eb79176e755988ab3176	108763	live
d6ce8ec3-816d-47b5-ba67-97a17f7a1051	nationwidechildrens.org_clinical.TCGA-CM-6167.xml	e15adffbf315d1fc3af1a40c5bc58047	35164	live
fd102b75-9448-4ba3-bd4f-89be8ac2e599	nationwidechildrens.org_clinical.TCGA-AY-A71X.xml	26dd2b734d986cc9cc3eeeac47f0b813	30886	live
15170292-d7a7-40ad-93c8-d0049e0c83dd	nationwidechildrens.org_clinical.TCGA-D5-5537.xml	af1ad768d2805769e635ed9fdac8cc6e	31651	live
356d5075-f3a6-4d12-8e47-5c3369cc0c86	nationwidechildrens.org_clinical.TCGA-AA-3680.xml	4d1fe871aca638d11d470d89399271b9	46603	live
b4603f32-2346-489e-b5f3-9b7443aee47d	nationwidechildrens.org_clinical.TCGA-A6-5665.xml	c574454ec9534fc3ecca3b893d19951c	37583	live
403d2bcf-d398-4dcb-a7cc-25639ce8a6a6	nationwidechildrens.org_clinical.TCGA-AA-A01F.xml	cdfa951479759506ccb32768ad73bbdd	46305	live
5a2af9eb-9868-44e2-b2b4-2020f3860d20	nationwidechildrens.org_clinical.TCGA-AZ-6601.xml	9503422ed7c5e14b809eeebf7f762e45	31545	live
ae40b485-e0b9-4c11-8097-fae5cf57950b	nationwidechildrens.org_clinical.TCGA-A6-2679.xml	c71b82c28dd86aea1d58b84fe4bf034b	38287	live
99fc02b2-e515-458b-899f-f0114d821cbb	nationwidechildrens.org_clinical.TCGA-AA-A01S.xml	c5c75a957a9493d2d2a200748f770f5d	24090	live
5e163554-4fb3-476b-b7a1-7eab3f729f89	nationwidechildrens.org_clinical.TCGA-G4-6304.xml	86ba65bb272ad46deebe17f99dc036ff	50136	live
9fec9148-2097-4373-9991-849a893607d5	nationwidechildrens.org_clinical.TCGA-A6-A567.xml	e95afc0ae9bc7a3b55d249d756dfce0b	34407	live
6b652c0f-bc20-4d88-98f5-9da65821706b	nationwidechildrens.org_clinical.TCGA-AZ-6600.xml	4c1248104bac483786fbf30e4c03f869	46366	live
f98327fc-acac-4fd6-be3e-b8ae9d5baef5	nationwidechildrens.org_clinical.TCGA-AA-A02Y.xml	a3b80172690bf7f980a3af3edd1c678b	29025	live
c2f250ca-3533-4b8c-92a0-263df676835c	nationwidechildrens.org_clinical.TCGA-A6-2683.xml	ad64ca7124bc982669698dceff31a15e	106373	live
4bdb18a5-8529-4bcd-98e8-4e3c0ab23379	nationwidechildrens.org_clinical.TCGA-CM-5341.xml	55f378fece9b0f2b490c3603aad505a7	57291	live
1b010181-07f0-4702-9291-195c47bc0f96	nationwidechildrens.org_clinical.TCGA-AA-3842.xml	ad07b3e8849013d2d4f2e3d94522d46e	48777	live
19613e1f-2e0c-4220-bb18-bc920c22190b	nationwidechildrens.org_clinical.TCGA-CM-4746.xml	e26dc295a6433fd2236fdb1069d367a6	33778	live
59fd6365-02fc-4f13-8ef6-9d7fda0595ae	nationwidechildrens.org_clinical.TCGA-A6-6780.xml	d5a63ae0fb1ef093f002a969c20870f1	33922	live
8546771a-0891-4adc-87bb-f6dc405170d6	nationwidechildrens.org_clinical.TCGA-NH-A6GB.xml	82b3fa193f949436e41ec333d7ed2f0a	52807	live
57ba25d7-f81b-4ae7-b43e-32ff76ab4738	nationwidechildrens.org_clinical.TCGA-DM-A1DB.xml	fe5786fe0a0106a1a0278a76617c8894	28855	live
607d230b-79cf-49e9-b4d9-28a3e16d2683	nationwidechildrens.org_clinical.TCGA-DM-A28M.xml	ef801ec274dc9b6a8ce38dbdc7f56dc6	28992	live
a3eab1c5-5345-485b-8a48-7d4643d47397	nationwidechildrens.org_clinical.TCGA-AA-3549.xml	45e6ce86777f2e1a62f4d657aa7e5df7	33805	live
0406ea54-b9f1-4d6f-9405-6a39c2c25afa	nationwidechildrens.org_clinical.TCGA-AY-A54L.xml	1dc81cd42710dfa07c59730c42fd0adb	33216	live
c9a5a31d-9342-4ce1-a206-bd05c1b7d8bd	nationwidechildrens.org_clinical.TCGA-AA-3494.xml	95565853afb14e02da1cf19a267b21ce	59128	live
f22bf242-bc10-468d-949a-943a85ac610c	nationwidechildrens.org_clinical.TCGA-AY-6196.xml	38f20cfe8c6efe2fd0fee6cef299bc0a	34342	live
005ace64-cbe1-46d6-925a-8fc8fe65af1f	nationwidechildrens.org_clinical.TCGA-A6-3807.xml	5b782b2ecefc1691e50705a61d3db56f	58848	live
37774a9e-45f3-4daa-98ab-add8dd75058b	nationwidechildrens.org_clinical.TCGA-AA-3693.xml	bbdc37877498953cd5ca0309cdd7d094	24146	live
599b2669-cfc9-4f87-b6b9-b871712e2f4c	nationwidechildrens.org_clinical.TCGA-D5-6535.xml	d46ab0a0ee91a8ffe4f1b825b1b1da40	29036	live
b3b48c4f-7f57-4a7c-b66f-a3fcafc15196	nationwidechildrens.org_clinical.TCGA-CM-6674.xml	0f6098bca4a8021253a3d51d21269ddd	35069	live
a2aa80a2-1e05-42d0-966a-eafc196af068	nationwidechildrens.org_clinical.TCGA-AA-A024.xml	adc1dc07665a6de76761dda51855f3f9	28983	live
94bbf63d-25d8-4fbb-a888-3ad0529c9872	nationwidechildrens.org_clinical.TCGA-D5-6540.xml	2843bdaadcc8f055fe71050687888f3d	28874	live
30b8c532-2a16-4b8f-8286-e5f5e7bc62bc	nationwidechildrens.org_clinical.TCGA-G4-6322.xml	67af8c322ed8bdf4febe0e896bb55afe	50480	live
3944a820-134f-451f-a794-37bd88436a27	nationwidechildrens.org_clinical.TCGA-AZ-6599.xml	d432036177ecab7a9005d01f3b441596	28736	live
db19c9f4-72ca-4117-b209-4da562ad7abc	nationwidechildrens.org_clinical.TCGA-AA-3854.xml	f66aee696a5ee6b8a70446e1b88bd43e	29032	live
a662940f-1717-4e34-a14d-8b3356bc60ab	nationwidechildrens.org_clinical.TCGA-D5-6924.xml	0822b1cd584275c3725bf493f82c9110	29209	live
7c968c60-b383-43c9-bf02-d7d851da3c84	nationwidechildrens.org_clinical.TCGA-AA-A00F.xml	37084e260ab3cbd1dd4ad48c0f2dacb6	46601	live
dd3a5615-778c-4d8e-8b41-82dd73d2290d	nationwidechildrens.org_clinical.TCGA-A6-5659.xml	fa83c5429141abe913b32275037834eb	33903	live
e5a7c559-f65a-4ada-b6b5-008907665494	nationwidechildrens.org_clinical.TCGA-NH-A50V.xml	57e239aad3934e44cfe7ea030f1b7517	47028	live
9f3d58b1-8a30-484d-8f98-92a1812acead	nationwidechildrens.org_clinical.TCGA-AA-3841.xml	ca41797f3472c86816ddccfb743cfd17	46554	live
8024932a-40a8-4d9d-a4b2-733d478f1ef9	nationwidechildrens.org_clinical.TCGA-AA-3548.xml	9ad86ae922f9ae1c889f907c10befe3d	46599	live
b555399f-8c88-4369-b8aa-c31252c858ec	nationwidechildrens.org_clinical.TCGA-AA-3514.xml	4b4cb6aeb662c557465e6530f91f917a	28881	live
0db7085d-5b91-4a3a-b33f-82710654bb8f	nationwidechildrens.org_clinical.TCGA-G4-6586.xml	e12d98285e74f8e207d6090cd695976b	29127	live
92ce6a1c-304f-4af4-9da3-466e08c9ea8c	nationwidechildrens.org_clinical.TCGA-CA-6715.xml	00b85ed327157520118443760d4ec22c	46297	live
1ad34785-f06a-4b25-b693-6c9875477482	nationwidechildrens.org_clinical.TCGA-A6-5656.xml	3a2fd8b63f1a00feb897a23654fca35a	34070	live
d283e212-1dda-4deb-a71b-012d7da3ea9a	nationwidechildrens.org_clinical.TCGA-AA-A01K.xml	1e06238b9c934984c0d9c5a465b46d17	46553	live
55146996-8179-4421-9559-fdd8f3520796	nationwidechildrens.org_clinical.TCGA-CK-5915.xml	88ca731cff635a4764ce2fc0cea47582	28532	live
5f5db1ae-6bd4-4945-a601-92fa50688a0d	nationwidechildrens.org_clinical.TCGA-AA-A01V.xml	19b251cc2f86c2db616c5251e8525453	24078	live
573afce4-7dc4-4047-b0a6-c47ddc275583	nationwidechildrens.org_clinical.TCGA-AZ-4681.xml	36b177e493f5535be52093b64c052d50	33385	live
c4e44bdd-eefc-4bec-9a68-67a64b8c4511	nationwidechildrens.org_clinical.TCGA-DM-A1HB.xml	55a4d0ea7aef5d717eb1826fda847ea7	28865	live
d8a7b0f0-80f4-4187-9737-06404ab6cd7d	nationwidechildrens.org_clinical.TCGA-AM-5820.xml	28cab276f1511fa23e03cfd55c179018	28841	live
b0a91694-f6cb-4dc7-bcde-b6dc8ec4b623	nationwidechildrens.org_clinical.TCGA-AA-A01X.xml	63e41e3d5d5eaa33812e3cc3f588037b	31298	live
50179460-c658-46ff-bbf4-3bef78bf3ab6	nationwidechildrens.org_clinical.TCGA-AA-3979.xml	87320cd93791b95f9c752d7a78a007e9	29014	live
164aea43-108d-4991-a03c-0e9c92fd94b6	nationwidechildrens.org_clinical.TCGA-AA-3697.xml	561ece21e15399191e6b0bf73e3eb8ec	28817	live
c32b0c23-9900-420d-b6c6-a884740a263f	nationwidechildrens.org_clinical.TCGA-D5-6533.xml	95a924e2e68de7ecfcb6e28986414e21	35124	live
0ebe5aaf-301d-4796-96af-971393b39478	nationwidechildrens.org_clinical.TCGA-AA-A02O.xml	a1fd80dc2325eca736e5d5af85ea867f	24148	live
9633a572-3b00-402a-b958-a8b7731b6b25	nationwidechildrens.org_clinical.TCGA-CK-6746.xml	2d25459a2d905ba2dece9b5569987630	33571	live
f94dd68c-81d9-491e-9093-d5ef248fea99	nationwidechildrens.org_clinical.TCGA-A6-6141.xml	1155e0cef7c9e0c84121422d66a750e1	60015	live
526131f3-86b5-425c-91cb-e2287b338276	nationwidechildrens.org_clinical.TCGA-AA-3526.xml	7e74e28936d8af6bdc6d2cf0c03f0349	29072	live
7fc9b8e9-988f-4955-80f5-a705d5bbfee2	nationwidechildrens.org_clinical.TCGA-A6-5664.xml	90309144eb1308b2ec8efb2761c79ffe	125788	live
f015a340-9a7c-4eda-a565-b69a26e5bf67	nationwidechildrens.org_clinical.TCGA-CM-5864.xml	efc566c62de086da50a30edb3cdd92c2	35129	live
b89a93e1-29d4-46e2-baf5-5f0b0fb06638	nationwidechildrens.org_clinical.TCGA-A6-2684.xml	a5de2180e67c42ff368b2f067bfcfdd7	36212	live
3383498f-1dcc-4ca1-b568-1ab8c9dc65cf	nationwidechildrens.org_clinical.TCGA-AZ-4616.xml	46ddf4f7dd908e3fe8f76290cf477be9	34288	live
08640835-09e5-4558-9667-6abfebfa6ccd	nationwidechildrens.org_clinical.TCGA-AD-6888.xml	c83d31a4b7ddbf1b9aeee1b5778e5993	31841	live
9c5eb037-1055-485d-8019-4fd29e08a281	nationwidechildrens.org_clinical.TCGA-CK-4951.xml	eb92acd08289673f40dc4b4d7dff2937	31461	live
40d27e57-98f0-4080-9e77-53ee4284722b	nationwidechildrens.org_clinical.TCGA-CK-4947.xml	b55cf39e6a813ca5d8d8b98e3a028878	54553	live
77d52436-2e4f-4e13-b8ca-a032311cb938	nationwidechildrens.org_clinical.TCGA-AA-3561.xml	3dc42f2022e3e2ebc6f9bef55b5914f1	28970	live
16408de6-7a27-4f8a-99ae-ab67a5c2bda0	nationwidechildrens.org_clinical.TCGA-AM-5821.xml	86ebc555dca33e2ee20deb0c93b50ec5	28593	live
60b4ba51-0cb3-4aef-a349-76b066b648cd	nationwidechildrens.org_clinical.TCGA-AD-6963.xml	6f0dd00834c6d9575202e1d69a18d19a	29109	live
656f477b-7d38-4510-aaaa-9c0c82c45ecd	nationwidechildrens.org_clinical.TCGA-CM-4747.xml	2b9250d44b8a4b29d3d5db55ba1cb540	71760	live
641b893d-8962-461c-b664-fbda9210bf29	nationwidechildrens.org_clinical.TCGA-AA-3851.xml	519a83157bd074dd556fd10656c83a8b	28831	live
b1ba8485-6f7b-43ab-8231-ca7c08c44638	nationwidechildrens.org_clinical.TCGA-A6-2674.xml	8e9bcc44adfc9d1443970c367c7f7afa	106354	live
765b4e92-8a3c-41dd-b7a3-ace7a9b5b6d2	nationwidechildrens.org_clinical.TCGA-A6-2680.xml	3c44934cf0ae8fdea59879c441da722a	38180	live
e3e0825a-6ee9-4876-8875-6624c1414cdc	nationwidechildrens.org_clinical.TCGA-CM-6165.xml	f95017abf94b44a3d47028cc6d5cce9c	33846	live
2d427557-7b9a-483f-8bd9-a06559030c83	nationwidechildrens.org_clinical.TCGA-AA-3715.xml	41fd536197d36d84fcfffa73894de86c	31233	live
648fa91c-20a2-49ac-8438-2986b0cd54c1	nationwidechildrens.org_clinical.TCGA-AA-3867.xml	c3fc2a765c787dc4c0b26dcf1528d46b	31322	live
787704cf-8ce3-4891-b18d-ce1f768b3b72	nationwidechildrens.org_clinical.TCGA-5M-AATE.xml	8df4661b23db83d63325106126764fbe	34484	live
e9813ebe-0c99-4974-9c1c-8cf75c4d8a28	nationwidechildrens.org_clinical.TCGA-G4-6302.xml	ee4b7c83efa2c0682ab27fa6eb0d6117	29164	live
e039f1af-0952-42c0-9c84-ceaca8d76a14	nationwidechildrens.org_clinical.TCGA-AA-A02K.xml	65ac6dc3f7a124e860627aaaa620569a	54807	live
ceb40783-907b-4d6f-af89-c2caf210c267	nationwidechildrens.org_clinical.TCGA-CM-6172.xml	48de3568c64c851210cd81391a32ab61	52780	live
2aabf40a-a293-49dd-a19e-da5b7de6133f	nationwidechildrens.org_clinical.TCGA-F4-6569.xml	080e85531bdf47df9a89caa11cc6f8d3	45522	live
df45e015-ad1f-4fe3-9d26-9dccaa95ddf2	nationwidechildrens.org_clinical.TCGA-AA-3488.xml	e66ac182ed6673e435c37ae26ed69fda	24023	live
b467cd49-483d-45b8-a169-ac8dfa618a27	nationwidechildrens.org_clinical.TCGA-DM-A1D0.xml	c388b4115599589d4f957ff84629f77c	28889	live
c3fded51-dfa5-4781-8840-b56738501a83	nationwidechildrens.org_clinical.TCGA-CM-4743.xml	e5481b911fe85bcf04b0da380f75281c	40061	live
dd5d737c-f843-4346-b6df-edf4d85e80e3	nationwidechildrens.org_clinical.TCGA-AA-A01T.xml	ed2c4a152aa6aeabc41e3c3f70e2bb7a	40745	live
77fc150a-b502-415c-a1f5-71b30f631ad3	nationwidechildrens.org_clinical.TCGA-AU-3779.xml	f4e7fc048f02598922c0a2e9287ee27e	29154	live
d8f729fb-e9c8-4898-940c-b2b7e0178e74	nationwidechildrens.org_clinical.TCGA-NH-A5IV.xml	5d92ec6dfa9f85059bc7a133126782f4	29459	live
39e143d3-5805-4cec-94ba-0fa208073f84	nationwidechildrens.org_clinical.TCGA-CM-6675.xml	9561dd2ce96c6f812a7dfa3e528f40c3	98002	live
d7f116df-a037-4aa4-a30d-0f3ce9fa2e4f	nationwidechildrens.org_clinical.TCGA-AU-6004.xml	fff24903f9716449d1e52c07748a6260	28749	live
c709f057-9e2b-4a1e-8984-f00f6a313fa0	nationwidechildrens.org_clinical.TCGA-D5-5541.xml	71bc722b61996723dc33b4cacc35c9ec	40412	live
710168e4-b78a-4b0e-8065-f7a2ed20289f	nationwidechildrens.org_clinical.TCGA-D5-5539.xml	9e233237aaac42526100467e1056ec6a	37462	live
e6ed392e-8296-4c54-93fa-575fa0905986	nationwidechildrens.org_clinical.TCGA-F4-6805.xml	67661c3c8448457d5ccee3ca5ea6f3ab	39791	live
e4df7dea-3b33-407d-9f60-0dddcdebaed5	nationwidechildrens.org_clinical.TCGA-NH-A6GA.xml	231a4478214d56b609e72ff3907c273b	85813	live
50a31ec2-5135-4a83-9b93-429a0e584e84	nationwidechildrens.org_clinical.TCGA-AZ-4682.xml	02280e7c75c5cf22f610d63482305702	51716	live
795b8025-f188-429e-98e9-5ae8f69f5977	nationwidechildrens.org_clinical.TCGA-CA-5254.xml	4c0630633742e218e9745ce470dfd478	50763	live
1564ed13-d0c2-4cce-b16b-e99302a01ac4	nationwidechildrens.org_clinical.TCGA-AA-3872.xml	eef62ec916eaf99b3f82c7247f5f2c1d	24088	live
aeb86fe7-04a2-4919-8165-b66db45e5bab	nationwidechildrens.org_clinical.TCGA-AA-3966.xml	25fa1bfd9bba2a92799570d8bf93a508	24081	live
cac105e5-dc5a-4650-bcb5-ce6379912d6f	nationwidechildrens.org_clinical.TCGA-CM-6680.xml	e6c9fb2f6cb7eb18961fcd7b15e3728b	33772	live
b05f8094-b962-4f0a-ad8e-27b0b76fad1b	nationwidechildrens.org_clinical.TCGA-A6-2677.xml	7e556145534e02aeea21f49e1c8a2232	58748	live
63b9d354-ee27-490a-94ba-d2348674bf36	nationwidechildrens.org_clinical.TCGA-AA-A00J.xml	1e5379be5f48fe7a700922e9c8b31985	34888	live
136d0150-1b7c-46c0-90b7-755c5728217b	nationwidechildrens.org_clinical.TCGA-F4-6704.xml	dfee8b9a85bddd13e84203f757104f67	25683	live
7a1c89e4-929a-4a94-8620-bc247141c729	nationwidechildrens.org_clinical.TCGA-CM-6171.xml	6d84d644145629391fa7871e77a60dc4	33847	live
6d2013a6-fbc7-467f-a5cf-5404d5f9b6f3	nationwidechildrens.org_clinical.TCGA-AA-3496.xml	4a2fddb9d3c619ae0169f535c520be86	24139	live
774d2bd8-aa02-40bf-9ee8-ef1b9398eddd	nationwidechildrens.org_clinical.TCGA-AY-A69D.xml	b7c29735396d149378585510136b7522	30495	live
35e33ef2-33d5-4634-8bfc-8dfecfaa3973	nationwidechildrens.org_clinical.TCGA-QG-A5YX.xml	74329afcd96a3def88da0049620b75c3	36732	live
9bb7240f-4dbd-4e2f-a748-f4f0f8b75644	nationwidechildrens.org_clinical.TCGA-AA-3952.xml	5e4d3edc09b95ed20fe1dcafeb9ca455	24089	live
d37985ee-2957-48af-8004-edef88b08074	nationwidechildrens.org_clinical.TCGA-AA-A01I.xml	a2419e904157f5e5ab7a4323572820ef	29019	live
a7ecc8c7-5aeb-4f6e-a97c-251010982f7c	nationwidechildrens.org_clinical.TCGA-AZ-6598.xml	263b387ec63415d21301d565b686c934	28763	live
d84d82dd-e458-4096-a0ac-368a3a51c59f	nationwidechildrens.org_clinical.TCGA-CM-6169.xml	d9f6d52bacc531eebce1249303b04730	59079	live
f48e1817-c500-4d8e-a102-72afe7d5501e	nationwidechildrens.org_clinical.TCGA-AA-3710.xml	0917b91c149d078ef65e47890ae73d75	29048	live
54f39c1f-98b1-49f6-a89a-cda446fdd85a	nationwidechildrens.org_clinical.TCGA-D5-6898.xml	855aca3795a01ac6b44fdcae2aa944e9	29259	live
ae0c8f17-0682-45c0-8f9a-033d49ca69d4	nationwidechildrens.org_clinical.TCGA-AZ-4308.xml	d90821ed8b39a7d78fcb06928b24db99	57068	live
0e6dd09d-b1e4-4d77-8a12-91de0ef7fb39	nationwidechildrens.org_clinical.TCGA-AA-3976.xml	7ec34c384076c49dc662f0b270c15201	46468	live
bde04065-29a0-436c-9006-b4215c04da20	nationwidechildrens.org_clinical.TCGA-AA-3492.xml	f1c99045c345b365218e1ef35d92de49	28916	live
ae1c4c14-a655-4cc7-aace-0d828c8b5bd1	nationwidechildrens.org_clinical.TCGA-AA-3692.xml	38489af84b5e27c44b2a2810d3684660	70190	live
3a5ead13-6a86-4253-ad28-2275be2af81c	nationwidechildrens.org_clinical.TCGA-DM-A0X9.xml	f6caefb5c4027682adc2d1141970d9f3	28881	live
8f3f7435-1f3e-482a-87e0-a10948bd96fa	nationwidechildrens.org_clinical.TCGA-AZ-4614.xml	35d9aa1270a9c7f2f18e5f463a892304	28536	live
c848e0f6-3017-45bd-a066-6264431571fa	nationwidechildrens.org_clinical.TCGA-AA-3663.xml	99097bdd69308ae5ef1c8f759849327e	29113	live
fc514455-1866-4181-98b4-2501e33a98c0	nationwidechildrens.org_clinical.TCGA-CM-6677.xml	a9e79649922172a89a49400e09a514fc	33783	live
c8dae8b7-5350-40d5-af8a-798f11659de6	nationwidechildrens.org_clinical.TCGA-F4-6808.xml	ddbe35126265c197d0bb8da87e5833d5	29367	live
1f9a996d-960f-423c-b27d-44926840b5c5	nationwidechildrens.org_clinical.TCGA-AA-3930.xml	e5d53eef46dfc5e7ee32ac60a846152f	34831	live
8e8bf8c8-b230-42c6-822a-29a5e8478abf	nationwidechildrens.org_clinical.TCGA-G4-6293.xml	c2faaa654d508f5641aa0c0b2de60938	41594	live
e100c86c-11c4-42b3-a010-618fae683c82	nationwidechildrens.org_clinical.TCGA-CM-5349.xml	e0c1c4b323a278d184ca5c09c11b1625	39638	live
d5802913-6e85-4e1b-b2c8-40cb1550290a	nationwidechildrens.org_clinical.TCGA-CM-6161.xml	56486190e2ef0582ecb429371d40d9ee	35262	live
f25d3e26-afc7-4859-9851-02a0d28705ab	nationwidechildrens.org_clinical.TCGA-AA-A029.xml	ca3acfc152262d03af1002904ba92c9f	29005	live
e4ac4412-ee47-4567-9620-66d1611d43cf	nationwidechildrens.org_clinical.TCGA-A6-5662.xml	5b5cab30350e11ab6132988082040fda	82676	live
c97fa0fa-c2b0-4ad1-8b8b-e0a510957114	nationwidechildrens.org_clinical.TCGA-AA-A00O.xml	edfdfe49082256935ff401a5b9e00128	28986	live
7f2eadc6-06c4-47c6-92cb-fef7e1824879	nationwidechildrens.org_clinical.TCGA-A6-2676.xml	c33793a58c69bb5af1f452e90e7095b0	63305	live
ae7b7ae7-28d4-4df2-88c0-3555620f02ed	nationwidechildrens.org_clinical.TCGA-CM-4744.xml	9def629f5de81abaec897fdf66b72059	33758	live
767c3379-683f-4422-972d-3765ddbf9f4a	nationwidechildrens.org_clinical.TCGA-A6-6649.xml	6921bb0b712743856dcfa2146f906cd0	58886	live
aa9ea5d6-053c-441b-89ab-44c91aa61c00	nationwidechildrens.org_clinical.TCGA-DM-A28A.xml	df35073f6f2bcac8e21816dbd0fa5503	29028	live
3c5a4713-6855-42d4-aed6-3129bfe80c58	nationwidechildrens.org_clinical.TCGA-RU-A8FL.xml	5f997f26c363f1d0727aaea5760b7c92	62955	live
c76af5df-aab0-47a0-a543-77668be3f0c7	nationwidechildrens.org_clinical.TCGA-AA-3972.xml	13edc34d65d52aa25b74dd9d769e1feb	66578	live
a1216599-1c2a-4e54-a240-d53551866725	nationwidechildrens.org_clinical.TCGA-AA-3660.xml	6205cccb5a32698c1785a77c32afdf9b	29123	live
de544769-7fcc-4d62-89fa-7ae974ea712c	nationwidechildrens.org_clinical.TCGA-AA-A01C.xml	ec06570143f2b1944f9ddaa5baa7e53b	28970	live
6f610539-3035-405d-9d13-b64641210a2c	nationwidechildrens.org_clinical.TCGA-AA-3495.xml	814209ac14311b9c4b87b16d3db66003	29017	live
c26722be-da33-4755-8208-3a2839bc04ef	nationwidechildrens.org_clinical.TCGA-AD-6964.xml	d46479c87494113cfe381aaf82d54c8f	39192	live
11bd70d7-a7c0-4200-b960-c7eb727a54bd	nationwidechildrens.org_clinical.TCGA-CA-6717.xml	d4d6739fc39f0081191209e9539799bb	46228	live
265a2358-8b37-4615-940e-41a087cebfd2	nationwidechildrens.org_clinical.TCGA-AA-A017.xml	1beaca65b4843b13f21c823eccf03102	29022	live
fcf49f35-2802-4012-8612-32583ad19bcd	nationwidechildrens.org_clinical.TCGA-A6-6652.xml	9713c26a2288df8057a99bac82c56b0d	63982	live
809a8ad6-a60f-43d3-a084-a38313a78636	nationwidechildrens.org_clinical.TCGA-4T-AA8H.xml	6cd7299c213de893b0e48a4fc9ab7259	35712	live
700fc518-2216-48b2-b337-0ee97503aab1	nationwidechildrens.org_clinical.TCGA-A6-4105.xml	4ce6fe54509e782086a561d776e3ba30	31439	live
a9e14450-d318-4862-8715-2706a66eae04	nationwidechildrens.org_clinical.TCGA-AA-3688.xml	52389f5a35ac272eb4aa7caf50aeca30	29059	live
5109c439-f276-4a6e-8aa4-54eb4be8e0d0	nationwidechildrens.org_clinical.TCGA-D5-6926.xml	920aa426068f7027bb03e8e03b44213f	40382	live
8b9458c1-3611-42f1-814e-c43c747558d0	nationwidechildrens.org_clinical.TCGA-AY-4071.xml	5485c971289874213378c30d48e74de6	28805	live
67d6a446-846b-4576-9b59-ca93e8fc975a	nationwidechildrens.org_clinical.TCGA-AA-3848.xml	8678b3ef6e7eff3372a3bdc52400700d	28768	live
13616e85-5307-4cd3-94ee-02b8607e17a7	nationwidechildrens.org_clinical.TCGA-AZ-4315.xml	1daa5dca15c686f595b665b006e65641	28634	live
b5155b6d-2c2e-4e42-bb02-39760c4f3f1f	nationwidechildrens.org_clinical.TCGA-AA-A01G.xml	fc1f504723b7da54b859cf493fc87f9b	29020	live
952bec9d-f5fb-4448-8915-dd15daf45a83	nationwidechildrens.org_clinical.TCGA-CM-4751.xml	411fd415b8e6537e490d746df093e4d4	59217	live
717060b4-ffde-412b-aa1d-4d66c83acd3b	nationwidechildrens.org_clinical.TCGA-AA-3852.xml	b526917f6918d8cc1f6b59c1bcb2b149	24095	live
46787f27-5a6e-495a-aa6b-344f5b389ba3	nationwidechildrens.org_clinical.TCGA-CM-6678.xml	cc95f11e101d452d97074ad364e496a7	67029	live
ea91e9ea-bf79-41bd-b552-a13648af31d5	nationwidechildrens.org_clinical.TCGA-AA-3530.xml	19afc58edacbd296f321ecd7584357df	29064	live
1c543e25-9273-49df-8bcf-75f115d85b72	nationwidechildrens.org_clinical.TCGA-A6-3809.xml	2ea320b23d6e2a866482feee4d3944c3	33999	live
5fcaf81a-b53e-431d-a393-6a5f22ec1720	nationwidechildrens.org_clinical.TCGA-CA-5256.xml	db8bdb8ea67e616fef9fcdf184bc5bde	50966	live
140ae2cb-86d9-406c-83c6-4af0804867a3	nationwidechildrens.org_clinical.TCGA-A6-6138.xml	c20ed4ce42137e01faf8544337a1d101	33450	live
4258914d-df02-4514-b74a-e691bb0cbb4c	nationwidechildrens.org_clinical.TCGA-F4-6856.xml	bba1da58bab44d9e918adc93ead12bee	45677	live
4ab6280e-1b4c-4ce3-877d-fbf511b83edf	nationwidechildrens.org_clinical.TCGA-AA-3544.xml	4e03a1a3be17c483f6bbc2d7a03285aa	29069	live
4d733c0a-d732-463e-8021-25474dbe3d68	nationwidechildrens.org_clinical.TCGA-NH-A8F7.xml	71497885e7fdac6c47b1e9e0426f2e49	64745	live
b89f7d97-055b-45dd-a6b8-a524911587e0	nationwidechildrens.org_clinical.TCGA-AA-3684.xml	68a225b8f0cf98c082f1f1883e392037	24148	live
1d5973a7-1673-49bc-9b83-bf4ad7e669b8	nationwidechildrens.org_clinical.TCGA-AA-3814.xml	81b0667ce229bc8278edc7cb12ef6f05	24151	live
27b82acb-9a75-4eeb-b6fb-5f1b65247599	nationwidechildrens.org_clinical.TCGA-AA-3673.xml	c9708c19b88d5a4aa88007da44195ae0	29076	live
be226f38-1b57-4c2b-8acb-6594ae4c2751	nationwidechildrens.org_clinical.TCGA-G4-6295.xml	7ff87d2758e9f87a4b7d06c30c4bb834	29109	live
a110dc30-a1df-4759-a287-f252aa5fc4a0	nationwidechildrens.org_clinical.TCGA-AA-3970.xml	1e2eb82131eb04910e0fa97d5c1a5abf	29020	live
c9834fb9-c016-4278-b2f1-3db03d3e3c97	nationwidechildrens.org_clinical.TCGA-G4-6307.xml	e26a2025fdbfa5f6290f21cf23208ca2	49266	live
a27a4df6-29b0-47d8-98b9-2058b90cc8f9	nationwidechildrens.org_clinical.TCGA-G4-6625.xml	bd0f69f7f645b6b7e151ab7e992c48ae	31648	live
dc7598d9-d4c8-4380-81c9-681d0acb8dad	nationwidechildrens.org_clinical.TCGA-DM-A1D6.xml	e66e91a5dbd022f08ef2e4aeca08813d	28943	live
ab638b2d-8f26-4db1-9cf5-f7f571aca7ae	nationwidechildrens.org_clinical.TCGA-AA-3815.xml	69c699e540621483b1e9e77470b73b4d	29042	live
a1cad33c-146a-4100-b3a6-c12cf2d9a51a	nationwidechildrens.org_clinical.TCGA-AA-3939.xml	606bed259e820f7bcae148d5b5993fb3	28776	live
71097159-c0f2-4144-af2b-0a5f61b29e94	nationwidechildrens.org_clinical.TCGA-CK-5916.xml	a47aad318ba18e68fac6850152d5c86a	31313	live
ab4ad6d7-b59a-4e1d-bf40-cbe5ce36f2ce	nationwidechildrens.org_clinical.TCGA-AA-3861.xml	bbde5dc78cb9829c465559f071a7f0c7	29013	live
de9a19d6-1027-4985-bf0e-d647324a24c8	nationwidechildrens.org_clinical.TCGA-AA-3955.xml	edf6c33bd8ef89ebe4172fbeb75dd662	40717	live
76b17f25-6756-4517-9e66-fcd75e016640	nationwidechildrens.org_clinical.TCGA-F4-6809.xml	6ecad5460cf153b52dc9cf601c33c4fd	29065	live
d61d03e1-66b1-4019-9da8-556d5221dc44	nationwidechildrens.org_clinical.TCGA-AZ-4313.xml	e5a9a6e1a79fabf41ae6e106e6dc1322	33553	live
3c984483-1806-4267-bd31-bf9e338a2d4c	nationwidechildrens.org_clinical.TCGA-AA-3712.xml	900503af5878c729fe3c700a390bdb93	24198	live
e8d84984-ee36-43dc-9081-55e9a047c358	nationwidechildrens.org_clinical.TCGA-NH-A50U.xml	87f6d6179ee070cd1ec53f7b88323564	69079	live
2e39cd8e-4e9c-404c-9d29-c5adcb706f44	nationwidechildrens.org_clinical.TCGA-AA-3543.xml	392d05d0cd10d0f32d58539d840bc8ec	28880	live
0449b819-ff3b-4a91-b16a-5f72a67e2a61	nationwidechildrens.org_clinical.TCGA-AA-3525.xml	efced9486d6565c9cd96e1ae2788318f	29123	live
0de67ac5-a538-4f35-8e29-f0d0735e6a74	nationwidechildrens.org_clinical.TCGA-AA-3846.xml	4529fac758880c18ea6f77f69d7f6772	28749	live
13506b67-5754-4175-bff5-78d28341dd20	nationwidechildrens.org_clinical.TCGA-AA-3696.xml	9434f56e1e441271c759005c95b3df14	28802	live
fd900d46-747c-4a56-88f1-16ce1b903fd1	nationwidechildrens.org_clinical.TCGA-F4-6855.xml	60944c54d0f53deed45c0945ff96803e	38563	live
22786e6d-0e01-4c25-bd91-27869f427f67	nationwidechildrens.org_clinical.TCGA-AZ-4684.xml	d6d3fb84c24dc723bed7cac3abe8f5ef	41734	live
6e602d8a-97bd-4e1f-b668-9af3278023fc	nationwidechildrens.org_clinical.TCGA-G4-6317.xml	b9c9447cd4b2bcb657320dd38bb645d2	52007	live
a94ed4ad-1147-46e2-9d9f-9585e42084b4	nationwidechildrens.org_clinical.TCGA-CK-6747.xml	cf6efc5f029be9a48fe2c5354c0ab583	33356	live
89ef9d69-9c14-4109-82fe-44cd33c14be0	nationwidechildrens.org_clinical.TCGA-A6-A566.xml	9f2f14dd4f7f25eccb1bf13d2ba2bbe9	57506	live
fd92096a-4abf-45f0-84fa-0dba84453a37	nationwidechildrens.org_clinical.TCGA-AZ-6607.xml	308db22ade7118fbf661ef2846f2cdef	28838	live
db672551-def7-4b5f-9302-29c822e88a7f	nationwidechildrens.org_clinical.TCGA-G4-6320.xml	368af3d87253ed5fd4533e19068c13ba	48055	live
fed9317d-1bef-4ad3-aaea-8076b0991146	nationwidechildrens.org_clinical.TCGA-AA-3833.xml	68be974e214972bf3384999dedab76d8	29026	live
cd293a12-49f5-4e02-8974-73fbe7508281	nationwidechildrens.org_clinical.TCGA-SS-A7HO.xml	d9e0fa60ceedadd7ce066e004200be08	59632	live
f0e6676e-2d72-42d5-8aae-15558411c4e8	nationwidechildrens.org_clinical.TCGA-CM-6676.xml	ab73408073af6707d4a538ca0f188625	33891	live
de83b25e-946e-4aaf-aa0d-d754c894c2e6	nationwidechildrens.org_clinical.TCGA-AA-A00R.xml	e0541c735bc29ef16e680b29f2d04264	24138	live
02247134-16b6-4c08-b34b-0816ad1cc7f8	nationwidechildrens.org_clinical.TCGA-AA-3862.xml	01f3eade89b4b4fa05399f746c0c2c85	28997	live
94e46e6d-1e71-48a2-8c57-f6c5826ce256	nationwidechildrens.org_clinical.TCGA-DM-A1D8.xml	225c716f0eaa7e4c01350ad687e0f8a5	28814	live
550b017a-c5df-42b3-aac8-0cf67a51b8ce	nationwidechildrens.org_clinical.TCGA-A6-6648.xml	210260a4feb1fb095c9bfaa5509e2904	62711	live
be989969-947e-47d2-8cd0-555180424d88	nationwidechildrens.org_clinical.TCGA-A6-3808.xml	627ced0d6188ff64628c49997b347ef2	33651	live
79900d47-e16e-4d29-8ce8-d183efe11c8a	nationwidechildrens.org_clinical.TCGA-AD-6899.xml	b99250d74afcafa6eeed20d6b8b95bb0	29103	live
33536ae5-d028-4828-86c5-0b7ea249452f	nationwidechildrens.org_clinical.TCGA-QL-A97D.xml	c2d9456ed4456d3cac4840aed2671170	28814	live
29ffd96f-b6ad-408c-b36c-463c8876b4ed	nationwidechildrens.org_clinical.TCGA-AA-A022.xml	c789ef14ae9f5bcaa821f281d118cf33	24139	live
17e0226e-9e57-4c87-88fe-c045da7be749	nationwidechildrens.org_clinical.TCGA-AA-3517.xml	033493198da0b3e07fb2d62e1dd3ed2f	60674	live
26dd9814-6d9c-40cc-aead-6be69335a001	nationwidechildrens.org_clinical.TCGA-G4-6628.xml	20b5753693e66c7fa9f2061aa5ae0101	33940	live
aeb620b9-d227-472c-affc-17b03587682e	nationwidechildrens.org_clinical.TCGA-AA-3667.xml	11b74e83aeaf96575d22a0ea5f1a80c2	29072	live
2732df79-521d-4e58-92b4-6716d4a2ebc0	nationwidechildrens.org_clinical.TCGA-AA-3664.xml	8bb8dffd82f2500b958e8eeaa37ea8e0	28819	live
1d7d2ca2-1b3b-4b77-b93d-77795c572725	nationwidechildrens.org_clinical.TCGA-AA-3675.xml	a4b033bc00dcb12293b7fdf4db89ef21	29076	live
b0e858c6-87ee-4ace-bb38-f88889ee6b09	nationwidechildrens.org_clinical.TCGA-AA-A02E.xml	7e303018af25be98608ddd79df30ac1d	24128	live
b0d3d2b4-d159-4cc0-b341-d8c70f8be3a7	nationwidechildrens.org_clinical.TCGA-AA-3984.xml	9a70a26149dbf85d0623b10bbb08dfa9	24095	live
d458bc1d-4f1b-4350-924c-5121b3a9b804	nationwidechildrens.org_clinical.TCGA-AA-3856.xml	1a1dfa0b77b79fa12b95197530ed651b	24094	live
2c365088-c891-4e84-9964-011e16e67aa9	nationwidechildrens.org_clinical.TCGA-AA-A00E.xml	7ac829e7bedbf6d00e257994348b4a44	29075	live
9fddf613-7edb-4aaf-a93d-d93170fb6f53	nationwidechildrens.org_clinical.TCGA-AA-3858.xml	a22ef02c21d8a49c7f11a1666741dc54	29019	live
60a7569a-7c1b-464f-8b03-11cad2ad4127	nationwidechildrens.org_clinical.TCGA-AA-3947.xml	f700dcb776be61d8c5f7dde4260c390d	29034	live
c2519ebd-71c9-4c12-a365-c6890f01091b	nationwidechildrens.org_clinical.TCGA-AA-3529.xml	52e3ddf28aa744a738f651268fc96f40	24140	live
5f46b53a-45fb-4e84-b961-432d4e25d857	nationwidechildrens.org_clinical.TCGA-AY-A8YK.xml	7e7f9eb585ce91c4ff25003d9d193532	48404	live
7bb76e39-510b-4470-86b2-95e375d1733c	nationwidechildrens.org_clinical.TCGA-AA-3672.xml	afdb3737741d5cc041a8a82f0245a036	28933	live
80460a4c-be27-4f8a-87b8-2e2d86d33b15	nationwidechildrens.org_clinical.TCGA-A6-6781.xml	3bb65662879f5a0645156b2f53119b92	59176	live
188c6f4d-37c7-43c7-ab45-ebd1b938824d	nationwidechildrens.org_clinical.TCGA-AA-3941.xml	6be25cff1e7c2f3a8a1324169087f4d7	28775	live
89b0ef54-d247-417f-8aff-a073be9cf2c9	nationwidechildrens.org_clinical.TCGA-D5-6923.xml	f4c4651ffe2fcb8880bc14c9b3d8b8f0	29305	live
8079c7f7-baed-4d16-97c6-3f6d3e717718	nationwidechildrens.org_clinical.TCGA-A6-6650.xml	e0665d90e05731fa889931e704fdcd15	33817	live
4a319812-9dc5-4bf3-a10a-7fad689d052c	nationwidechildrens.org_clinical.TCGA-CK-6748.xml	622ca84d9896072b6f3fbaa8819ce6cc	33443	live
7c31063f-a10a-4596-8215-8a826d9505ad	nationwidechildrens.org_clinical.TCGA-CK-4952.xml	0fd4e41d047c43953f73922491bf2017	33374	live
23da5355-1084-4c79-912b-f3188fc5d872	nationwidechildrens.org_clinical.TCGA-G4-6311.xml	87a06228e2c3f4e1f34d8ff5b30c1e03	49384	live
1ec56eb4-7e34-4630-9972-6567a058db8a	nationwidechildrens.org_clinical.TCGA-CM-5862.xml	15b7b3fa1c4f958096e889c6732f1565	36379	live
58a0fbc8-e86b-436c-9bc1-9fab5626f353	nationwidechildrens.org_clinical.TCGA-A6-2686.xml	39ce31b8bea5bd0254e506b25be78399	33695	live
e416a3c4-a288-4341-950e-bad89359990c	nationwidechildrens.org_clinical.TCGA-A6-6654.xml	b0d45bd941ad2b74c68eee6176d6fc6b	60380	live
284d8e0d-3994-4bd0-828e-8443efa6c392	nationwidechildrens.org_clinical.TCGA-CK-5912.xml	8cfcaefabe5f87b30588c296d72b6a6d	28793	live
8567d909-4e27-41d8-aece-7a79cdc87933	nationwidechildrens.org_clinical.TCGA-G4-6298.xml	54ea7f0f377c56a5432eee5ae0b458aa	44198	live
efd6a9fb-0196-43bd-ae74-c2fb420a5c95	nationwidechildrens.org_clinical.TCGA-AA-3518.xml	0068ac869ad42891f7e860d424888bcd	24136	live
768e6d80-e40e-4b4b-913f-922e20151472	nationwidechildrens.org_clinical.TCGA-T9-A92H.xml	1274d03cf877877659a0345200e7661d	31862	live
c63c25b0-f130-49a3-98c5-b49c245d828b	nationwidechildrens.org_clinical.TCGA-G4-6323.xml	3da012772c264019c6e769b6a6d236c2	29184	live
1518c7f7-2c7b-451d-a7ef-4b303f553872	nationwidechildrens.org_clinical.TCGA-AA-A02R.xml	67de9b5fd0980ce09a1a81359ff2cbb9	24132	live
b0e1ddf3-2a20-419d-b7a8-1deb5db0bdec	nationwidechildrens.org_clinical.TCGA-AA-3509.xml	e0dee77ce67809299397461140058c1b	29074	live
b67cc250-792a-49dd-a6a8-154ae4185d54	nationwidechildrens.org_clinical.TCGA-CM-6164.xml	66688ded5a9e1e9bfe5f31271ab3b88d	35144	live
692b7f74-7862-4474-9070-a0673bd9b354	nationwidechildrens.org_clinical.TCGA-G4-6626.xml	3f1d42873b62bb2bfd9db1a59a4f82fe	29034	live
7adf8687-4924-4000-8b55-584b4e0042d3	nationwidechildrens.org_clinical.TCGA-AA-3538.xml	2354b350ab2815fd5ef8e76f33084998	29075	live
adde622c-4e31-4041-a0b1-2e42f4a6bbd2	nationwidechildrens.org_clinical.TCGA-D5-6931.xml	bb30e875ec4fec5d72d0675d7b087576	29104	live
b8d92ee0-2875-44f5-a4bd-f33bf0c46b61	nationwidechildrens.org_clinical.TCGA-A6-2671.xml	348623fa3f33bf7312b40e5cc8474564	185029	live
3c2d66e1-9727-491a-9411-8021e896c3c0	nationwidechildrens.org_clinical.TCGA-AA-3532.xml	77edb219ee8ab228fd8a5a01cebb0042	28825	live
5a559638-767a-4bbf-84fa-dc5d4ea4b49f	nationwidechildrens.org_clinical.TCGA-CM-5861.xml	8cc7c387230f3adee94fc0d45fd2c50e	36418	live
efb212a4-b393-48b3-b106-f47fd3792d1b	nationwidechildrens.org_clinical.TCGA-AA-3819.xml	f5a7f7022bc20ce44aadb7ff3981f8ac	29077	live
513832a0-90ac-4d7e-a025-4b3a60d9d9dc	nationwidechildrens.org_clinical.TCGA-AA-A00W.xml	95e5083706401d763b0d7485ad290023	29070	live
10390910-4c0c-425c-848d-5e031ba96d82	nationwidechildrens.org_clinical.TCGA-AA-3837.xml	6f58700339134fc2203269037f2a9bfd	29007	live
8c04d304-1310-430d-b6cb-7698d4d427d9	nationwidechildrens.org_clinical.TCGA-G4-6315.xml	3112a0e351dcdd56883645bfc0f09cd9	52886	live
3ec74591-3871-4905-9e26-a85ef57ad31e	nationwidechildrens.org_clinical.TCGA-F4-6463.xml	2d5ca270137d5f64de879f5fdbe3f122	33850	live
264b6c32-d7cf-48d6-ae71-7ab4c55b29f1	nationwidechildrens.org_clinical.TCGA-CA-6718.xml	e7b8adc829c7bdf37f7f8e3e610da13b	35897	live
90da6dd2-8329-435b-a059-06a52dd7c053	nationwidechildrens.org_clinical.TCGA-AA-A02J.xml	ae0cf7693a43046be3ff14ec7f330b60	24140	live
07dfae36-058f-43f6-a7f4-d5537ff4eefe	nationwidechildrens.org_clinical.TCGA-AD-6548.xml	7dba20e15d1477d5ebcc2aa63a85b2e5	29068	live
ee2b40cb-7e0f-4ab0-a832-c2318f964975	nationwidechildrens.org_clinical.TCGA-AA-3977.xml	4530b8a8f7ac88ce77a78bc51d2afa44	28933	live
ecb59abe-cffb-412d-a3ae-6ec67e0ff559	nationwidechildrens.org_clinical.TCGA-AA-A00Z.xml	0fa69bb47fa493ef0ad804f3fbfc9152	29040	live
e5930a24-2159-4271-9f7e-afbf848c8b51	nationwidechildrens.org_clinical.TCGA-NH-A50T.xml	d406888c6f4d89023b6fe3510ed5e666	29535	live
6e9af420-0aad-4d94-81cb-594fb230c3e5	nationwidechildrens.org_clinical.TCGA-CM-6166.xml	158289f8a2addcf3665708cf5bd93091	35136	live
ded5e6f6-3146-4f6d-9682-68af058980a9	nationwidechildrens.org_clinical.TCGA-F4-6854.xml	bbaacc56a5f89ec638f115d96cc0637f	29361	live
da8dbe3b-3a8e-454b-a9ea-29bf5a54b507	nationwidechildrens.org_clinical.TCGA-AA-A00A.xml	1fd5a931090fe0b043a4434cc73811ad	28774	live
677200ab-0962-4131-a6ad-7bbb8020ec7f	nationwidechildrens.org_clinical.TCGA-AY-6197.xml	9f8534d8b5399ce2b770a87abd413cba	34730	live
d0082fc0-6bc8-4839-ab88-19e618d571d3	nationwidechildrens.org_clinical.TCGA-AA-A010.xml	36a12dfb9352c6a2a62120ca5a1bef36	46605	live
96dbd4ce-3ae2-4662-aa6f-80af321bc53c	nationwidechildrens.org_clinical.TCGA-AA-3989.xml	c5f0de176e0df71b7c130b693baf76be	28765	live
cef5c35b-d3d3-4782-b5a2-7b4055cd7483	nationwidechildrens.org_clinical.TCGA-D5-5538.xml	9d9abb063cf00f2a11e3515b72fe0a18	42803	live
a00eab19-d978-4880-ab5c-83dd1b5a73a2	nationwidechildrens.org_clinical.TCGA-AA-3875.xml	303f26aab4963b5c8424efc4d4cb675f	28826	live
c885c27f-3d9f-4c07-bff2-f54c327c5144	nationwidechildrens.org_clinical.TCGA-A6-A565.xml	ead9ba095bdb32dad85b8e0e8e511a6c	51620	live
5d4e12a0-d4d0-4f65-a3d3-bdec2c8bfc8e	nationwidechildrens.org_clinical.TCGA-D5-6929.xml	d8dd86a4a7aea20a3295500894d98da3	35499	live
efd39522-0e4f-4ffb-bf11-c0ab80ef815e	nationwidechildrens.org_clinical.TCGA-A6-5667.xml	b4c6fbc1892cb8bd9d79fc298e0e8ff0	60391	live
4dc6afd1-ab65-45e0-b27c-df02426abe46	nationwidechildrens.org_clinical.TCGA-AA-3949.xml	2bc79c0fd781c178db5a1bbd5e00c475	29033	live
40c9c94c-3942-42ab-bab8-fa30bbedf397	nationwidechildrens.org_clinical.TCGA-AA-3855.xml	6b8ce312b0b9bf1697788a7e16cafe42	28772	live
a42ec4ca-2dab-4f12-9e1e-6f1b5925a2a9	nationwidechildrens.org_clinical.TCGA-AA-3502.xml	5e5f4469f84aac68dc22ebac15e365c3	28840	live
34ae532d-e36b-419d-b9e2-7109d860fb06	nationwidechildrens.org_clinical.TCGA-F4-6460.xml	0c817953f0d36fe693b5aefce6cf05e6	55165	live
cd231aa1-fcff-4e54-a79c-8a44bf48339a	nationwidechildrens.org_clinical.TCGA-G4-6303.xml	8bd09fd670ea1aabf74868f122b9bf39	124995	live
e2862956-b731-460b-bc50-23f4b1d69d21	nationwidechildrens.org_clinical.TCGA-CM-4748.xml	300a7660ec5c18084eac4a5506a7eb37	100961	live
3be2c5d2-da82-42a0-b9a5-1363c76bbac0	nationwidechildrens.org_clinical.TCGA-AZ-6603.xml	702b75e2e1bc9ae544d02ecd57d9dc58	28759	live
6ffcf716-954a-4d07-bf23-3f5719b0e031	nationwidechildrens.org_clinical.TCGA-AA-3506.xml	27ef49ac65139f330a16158e29a24af5	28731	live
2a70ecf4-c528-4a2e-9e11-eb72f7117d26	nationwidechildrens.org_clinical.TCGA-DM-A28F.xml	37ec5c964293662124bfa3890f6e85c0	28985	live
78bdcfc8-1199-4543-8cb8-c4a5b97da4c7	nationwidechildrens.org_clinical.TCGA-AA-A00D.xml	dbb9533409b0a311d1f18a6f29dbed26	29038	live
a60cdbf1-42f4-4fd6-8dff-90f8921bf92a	nationwidechildrens.org_clinical.TCGA-AA-3662.xml	4301fb9231d69a038f9a7c5d4e39f233	34977	live
6a9d3163-7f3d-49b4-a69f-5f183860fe1c	nationwidechildrens.org_clinical.TCGA-A6-5661.xml	227d239939ec92817d79328042428e98	35148	live
b6dc7b99-0438-423a-bb4f-21289b4b7f95	nationwidechildrens.org_clinical.TCGA-D5-6927.xml	e7b5fa760397a282e3bff7b84837bb2d	33792	live
0a64c97c-515f-41b2-a279-689b044f1c2e	nationwidechildrens.org_clinical.TCGA-AA-3519.xml	57dc2d085e704c32adc9a7d685e3ff74	29037	live
1831b4d0-0448-48d7-8170-342166c222e0	nationwidechildrens.org_clinical.TCGA-AA-3994.xml	08a95b40f247f71ec38236800473bc8e	34943	live
3982d76d-178d-45eb-a1cc-1be2be5d1cba	nationwidechildrens.org_clinical.TCGA-AA-3811.xml	e4068b64a4e936a0fa6439f51796b79f	28822	live
56c2067d-0a6d-496a-b24e-e1dfa4298bad	nationwidechildrens.org_clinical.TCGA-G4-6309.xml	859b2726da8e230a8cb24be8487fb6a3	44068	live
d2a89c17-4d80-4b84-a8e6-720eed45f847	nationwidechildrens.org_clinical.TCGA-AA-A00Q.xml	ab285a5dec0d3d78466a3a458e92f3e5	46608	live
0a7a5131-c59a-4d3e-9ce6-4819499c9116	nationwidechildrens.org_clinical.TCGA-AA-3685.xml	d9cf89e96c6a1efd125461548201d561	29076	live
b030dbb1-b95f-4978-aa73-1a41b1cba147	nationwidechildrens.org_clinical.TCGA-AA-3818.xml	92545c9d090582e549d49e29f37c4bf1	24139	live
8418f113-6ffd-4e2f-af94-ab3469876c8b	nationwidechildrens.org_clinical.TCGA-DM-A285.xml	7faf17b308ce0805e6f2e76bb81f486f	28906	live
d1103941-ac05-4104-84cb-7fab2e6fe978	nationwidechildrens.org_clinical.TCGA-D5-6529.xml	265fddfa7d9d438a454daed017ce5bb5	37725	live
115a9dfc-8bc7-4adb-8c3f-f9ca1a92426e	nationwidechildrens.org_clinical.TCGA-AD-6895.xml	c0f3fb07ebf003867206bd9ee0a788f7	29239	live
cc0ae7ce-7994-4854-a561-4bb56f2b25f6	nationwidechildrens.org_clinical.TCGA-AA-3511.xml	c731a1d01464b42d4d5c94c030ca1411	31474	live
1e60ef6f-abea-4d99-a137-ceaa1bc6ae1c	nationwidechildrens.org_clinical.TCGA-G4-6321.xml	ba2eebf3bc6df1d3dd737bde20fa8fce	49422	live
a47da04b-dca4-4858-bb6b-045bfdd2ffeb	nationwidechildrens.org_clinical.TCGA-AA-A01R.xml	1cdb442feffcdea1a45c812a854a5c72	53719	live
ca5955e3-455f-4424-a43c-eecbb5bb4056	nationwidechildrens.org_clinical.TCGA-AA-3655.xml	e14501f307a24afd56e6c005c2117259	29118	live
0940c3ab-f258-4bbe-b55a-f9b63333bbc3	nationwidechildrens.org_clinical.TCGA-D5-6930.xml	25aabd57254c684b0abdf65e53dc9456	29316	live
4b2da1e2-55f6-4ef7-964e-9b82a27e6f8a	nationwidechildrens.org_clinical.TCGA-AA-A00K.xml	52b7819a87573d73885fa22f71fc3405	28700	live
ee1d6224-f2ee-4b73-aa96-ee0bbc378960	nationwidechildrens.org_clinical.TCGA-CA-5255.xml	26dd1379286fd2d2249be66ec98bfc5d	55724	live
986653e6-5874-40c1-9bbe-fce036a04868	nationwidechildrens.org_clinical.TCGA-D5-6920.xml	7de610a99be55c0cab18fe533593a9a6	29216	live
557841d1-107d-4f16-bae8-d61531e649f4	nationwidechildrens.org_clinical.TCGA-G4-6294.xml	1168f6b5ac0f8bdd31115126ef4eb0ee	93844	live
95964d58-689a-45e3-9858-96598c35042e	nationwidechildrens.org_clinical.TCGA-AA-3562.xml	20b3eb66fd9a72b4ca812cd78611451c	46309	live
9bdbcb1c-4af5-42b6-9edd-c4e8b059cbf5	nationwidechildrens.org_clinical.TCGA-AA-3679.xml	f253bc7af30fb99018e196f4fe0123dc	52204	live
e07f1c90-569a-42f6-9aff-bcf95c7be78a	nationwidechildrens.org_clinical.TCGA-AA-3553.xml	1191bcf3a67c92c528128e6a5d36ee42	29019	live
ac58267a-028e-4b84-8e75-51a972f80255	nationwidechildrens.org_clinical.TCGA-CM-6168.xml	0adc03a6ea9f1edff119bbe621c8d580	33870	live
98a12ec2-191a-49da-a842-9468ed9f2d85	nationwidechildrens.org_clinical.TCGA-AA-A01Q.xml	43c26f644f0423ef306a6427e4a9ce90	24122	live
de1e9c2c-977e-4bbc-bc33-4fa287822817	nationwidechildrens.org_clinical.TCGA-G4-6297.xml	489a65d4596edc32f9ea19bff14fca7b	140115	live
bcba2566-8230-40d3-9c59-840095186064	nationwidechildrens.org_clinical.TCGA-AA-3554.xml	d15ac3618c7ff7633bd933c2a361adfe	29025	live
b924b172-4bf6-4029-8a88-74be1d79d9f3	nationwidechildrens.org_clinical.TCGA-AD-6889.xml	b8df4949c75817f83c81d8edf6630d09	41937	live
94868457-e313-4d50-b59b-7bac8e4f75dd	nationwidechildrens.org_clinical.TCGA-DM-A28K.xml	92c2a8bcc78b573be08207ddc939fc01	28880	live
479e5136-9169-4fdb-bcca-d662280b6af3	nationwidechildrens.org_clinical.TCGA-AD-6901.xml	97f52e2dbd89f276626a40753718fcae	42381	live
b967c5ca-1ad4-4e69-bb51-d44cab53f35d	nationwidechildrens.org_clinical.TCGA-AA-3850.xml	e37ccb095db909a7c9c762bd57cff8b7	24056	live
659585bb-0590-48f4-a16d-107b9dd848ef	nationwidechildrens.org_clinical.TCGA-QG-A5YW.xml	8561658a6faada3286e8b68ff0dad46d	42526	live
af72752b-ff7b-4f11-acbb-d2a19d1460d3	nationwidechildrens.org_clinical.TCGA-AA-3534.xml	dae102bed6155caf6b9f36a6573497a0	29078	live
39c88f57-c2e4-45da-abdf-2eff77003c68	nationwidechildrens.org_clinical.TCGA-A6-6782.xml	c9a63df29e9de78f847864c8be2a5d44	33713	live
8722b472-5eec-461b-be9f-695bb5e7cd9e	nationwidechildrens.org_clinical.TCGA-DM-A1HA.xml	13e642665cb41bfbf779fce4f365f765	28870	live
89a31cf3-1e09-4598-b467-18be3b6c6ae5	nationwidechildrens.org_clinical.TCGA-AA-3510.xml	20ad07d6d49563541aa63f311958bffc	29072	live
b1ee00ba-5c6b-46bb-bf2f-d9400cff3543	nationwidechildrens.org_clinical.TCGA-QG-A5Z1.xml	1bf9fa12a2291a03c31bcd8c482e3fc7	35035	live
060c0877-77e7-4a37-bcbc-63d43986fce8	nationwidechildrens.org_clinical.TCGA-D5-6538.xml	3832c039f286cee4bc5812eae854e976	35206	live
78970c6c-d6f2-471c-a721-d0e1ca7e72bc	nationwidechildrens.org_clinical.TCGA-AA-A03F.xml	f512b17cb2e471733a1937494fd3db85	28809	live
9250fd2f-a9e9-4b5e-aac9-43b5db563612	nationwidechildrens.org_clinical.TCGA-DM-A288.xml	f857b564c03c301e437f87cf983b7e8b	38431	live
73068501-e67e-4c12-9530-ea5c20f3252a	nationwidechildrens.org_clinical.TCGA-AA-3521.xml	4f64b9d021fbbdfa408ecaa335314e92	24108	live
d41d2957-24fa-4e72-b51d-eac26eef68bc	nationwidechildrens.org_clinical.TCGA-CM-6170.xml	64daee5904f36e82fe8ff3a5bd86e0b2	33850	live
9f72e3d1-da70-42e4-8e1d-ac6e6fba93ad	nationwidechildrens.org_clinical.TCGA-CA-5796.xml	b1c2d8adc0bcf1b12e952bc1a4fe5e12	50687	live
35a720ae-a69c-4aa2-9bde-be9b7048c4b8	nationwidechildrens.org_clinical.TCGA-5M-AAT4.xml	6b38d343420333cae2a533c6e21ede8c	29346	live
ea4cf824-b51f-42f4-80b8-10df02cd57bf	nationwidechildrens.org_clinical.TCGA-CM-5860.xml	da99139839a4f14e422976bcc5797c1b	63797	live
5e02123f-d561-4134-9229-25c2529cdfd0	nationwidechildrens.org_clinical.TCGA-AZ-5407.xml	dc9b5ba6795e182122d66daa49399ff3	33707	live
6e041b8e-30fb-4a78-9cf8-f1e196b1f54c	nationwidechildrens.org_clinical.TCGA-D5-6922.xml	c11199c76e1ff3b217e84ca005821f44	29169	live
8d73ea34-c047-4062-9342-1e97ecd0822b	nationwidechildrens.org_clinical.TCGA-F4-6703.xml	4d304b34f9494db22858c9abc563f747	38603	live
78114e4c-c11a-4dfd-b5be-58e546d0c33b	nationwidechildrens.org_clinical.TCGA-AA-3558.xml	6e6061b4deb1e9d1d5f9abe109eb7884	31405	live
8a1c732c-fa4b-43cf-8554-445622c64e87	nationwidechildrens.org_clinical.TCGA-CK-4948.xml	2f8a4cf9474672684decdf6bdd1905f2	33692	live
9a8a9f53-dfcd-4e71-bd3c-ffc611ba168f	nationwidechildrens.org_clinical.TCGA-AA-A02H.xml	1824b9d10a1e216fa0ed30cdc9086e4e	24138	live
cabcb899-1fed-4f74-946e-92dfc56c9e87	nationwidechildrens.org_clinical.TCGA-G4-6310.xml	31404dc9877fcc7cc5b95a521ae1910e	84109	live
639e67cb-9065-4736-8622-762b1309f967	nationwidechildrens.org_clinical.TCGA-AA-3516.xml	a56f53cadd11a83733e53b81c4038044	28800	live
de0a10a3-5480-41ff-b567-cdf4912af1af	nationwidechildrens.org_clinical.TCGA-AA-3845.xml	1f385621e64cfdaa981fed12b3ff792b	24058	live
20547b7c-c3ec-4f2e-b627-7542fd9ebc22	nationwidechildrens.org_clinical.TCGA-AA-3531.xml	f3e0bd76d997598df6f1b5eea4d771c9	29075	live
221d015c-b2d2-4f91-8438-8135a4733ef6	nationwidechildrens.org_clinical.TCGA-DM-A1D4.xml	648203bcca289a95934dbdf214b99272	31244	live
2156d7cd-a5ba-44d1-9ef2-9b8f8170f3e4	nationwidechildrens.org_clinical.TCGA-G4-6299.xml	397a4945d9c558adb230b8fb3c815791	54265	live
ac47fe63-326e-4e94-b6bf-bc07d6de803f	nationwidechildrens.org_clinical.TCGA-D5-6531.xml	3c6235fcf10cba16559953d2728f05eb	28904	live
11baa4cf-80eb-436b-90d3-4b7920a03cd9	nationwidechildrens.org_clinical.TCGA-F4-6459.xml	1971e8c57912adca4ad6c7f7f019ab9d	29083	live
9f0b4314-1404-4400-ae37-a75bd6a17719	nationwidechildrens.org_clinical.TCGA-DM-A28G.xml	668142850233ddad6e8b8649fbccf520	29042	live
19373f91-8f42-4712-b917-dc3710cb85d3	nationwidechildrens.org_clinical.TCGA-AA-3542.xml	eb393d6380c74ff84992f7f7c5b28462	46605	live
dca501e5-3093-40d1-8b7b-8ce8ebf50031	nationwidechildrens.org_clinical.TCGA-AA-3695.xml	1c8468f0c4afa245ce0f7ec1c08ee410	24081	live
858d4816-504b-4ef6-b4fe-72df8251e5c2	nationwidechildrens.org_clinical.TCGA-CM-5868.xml	34bce6bb0fa7c2d10085cea1a98ffe3f	71599	live
746a18d8-4a7e-4f38-a59d-df51ba3677a8	nationwidechildrens.org_clinical.TCGA-CK-5914.xml	56172ed3b4a5d6250dc91360340517e4	28542	live
751e4039-41f7-4e68-bba1-5fb5fe2b5a58	nationwidechildrens.org_clinical.TCGA-D5-6534.xml	9fd6add728fed251a6e5116464eab934	29155	live
108d17ed-2449-420e-bee4-4a5122ba036d	nationwidechildrens.org_clinical.TCGA-CM-6163.xml	9b593f6bfcc30808d36fec60ab187e63	33844	live
2e69bc7e-ce9b-4aef-b63f-4395a1c3265f	nationwidechildrens.org_clinical.TCGA-WS-AB45.xml	8f25359bd0fae21a173a61dc034c0343	29944	live
6aa16c1f-e3fe-428d-9c45-79b2eef1f535	nationwidechildrens.org_clinical.TCGA-F4-6570.xml	7b25cd2e49ee97770594eeb681fd771f	29011	live
ead727ec-8a66-4d2b-8aa6-b83141da3ba6	nationwidechildrens.org_clinical.TCGA-A6-6653.xml	e31027633e5f7e036cbe52fba07b43d2	35217	live
70a4cfe3-4488-414e-b794-19708d4e78dc	nationwidechildrens.org_clinical.TCGA-AZ-4323.xml	6fbb57fd7280f68f0820b577ff140a82	34186	live
149fe0a7-7a5a-49db-894b-a7a9a13d6bcf	nationwidechildrens.org_clinical.TCGA-AA-A02W.xml	ccceedac3e4b18f77e1595fa1da635e2	31373	live
df8c4a2c-72fb-433c-8af6-beea3bf9fa7d	nationwidechildrens.org_clinical.TCGA-CA-5797.xml	ce310f419c4369da8e8d68223e1cc14f	33094	live
6655dd6d-04c6-4b26-9bb5-b9dd30914a69	nationwidechildrens.org_clinical.TCGA-D5-6932.xml	0e61329705ab1360241c415cbc68769a	29124	live
4e8cf5f3-41f5-423a-a74d-2698c43f9ecc	nationwidechildrens.org_clinical.TCGA-G4-6588.xml	19573526df98d9d506c264cadf88cffd	30496	live
1a39eefb-2f18-451a-8258-b09a68bbebf9	nationwidechildrens.org_clinical.TCGA-A6-2678.xml	ca3406f60131c0f0897d2a67849fb915	64801	live
1740f75e-71d1-4a49-9155-06124322ca85	nationwidechildrens.org_clinical.TCGA-AY-5543.xml	97603fdb6112b56821330b6108e69b12	52565	live
2c781958-0d77-432f-8403-e15d60d78c25	nationwidechildrens.org_clinical.TCGA-AD-6890.xml	d4ae6ac20d4058bca9c48cc96f26a9de	29110	live
bc102b38-9b35-4a2e-b5fd-4ebdc0d4bd06	nationwidechildrens.org_clinical.TCGA-A6-5660.xml	e24774ed0d5953feca93f4d476ef14ec	58833	live
a3b0208c-8f04-4a3b-9503-fed6a8b22bcd	nationwidechildrens.org_clinical.TCGA-D5-7000.xml	9e293d64edf8cea5c8368618b8a1545d	29193	live
1b08cf48-8805-4287-a8e8-59f13553f1fb	nationwidechildrens.org_clinical.TCGA-AD-6965.xml	d15e444b6711d2c94c08dae337846655	66449	live
fb99f37a-5acd-4815-bcd4-ad5a702afeb3	nationwidechildrens.org_clinical.TCGA-A6-6651.xml	74a152994dbf4e31904ad05f88211b58	58907	live
bf22237e-5066-4d77-925b-f0471d7a000b	nationwidechildrens.org_clinical.TCGA-AZ-6605.xml	f0536e476d435eec6484945392864f4b	34670	live
c161fffb-9410-41cf-bb45-2feaf5fab608	nationwidechildrens.org_clinical.TCGA-AA-3980.xml	4323d0ea62de6f30fa1e60f6dd2c9e2b	28995	live
e134c669-4cb1-4343-a833-22dc3dd731da	nationwidechildrens.org_clinical.TCGA-D5-6541.xml	3f969ec6950fed1eb9be652e76b19e6d	29009	live
02df7276-ae39-4ebf-afb2-672b8e782b98	nationwidechildrens.org_clinical.TCGA-A6-2672.xml	0b5d1b0a0424180db75b6d8ae7dcdf79	38092	live
252e837b-a42d-4255-a1a9-80ec81f4012c	nationwidechildrens.org_clinical.TCGA-F4-6806.xml	5bab2d495124e32497f3eb3892c68ff8	134021	live
9f9b1465-cdf5-4dcf-ae0f-d043d6a40c35	nationwidechildrens.org_clinical.TCGA-AA-3812.xml	f26e688ea83f4e491aa8ade5c2ef7fb6	31440	live
2effbccc-8d1b-480f-9b4d-d8d1366e1158	nationwidechildrens.org_clinical.TCGA-D5-6530.xml	7d81159032033083249fc5b43717e161	28949	live
8af80fe6-9035-422b-a029-ad0bf311f7db	nationwidechildrens.org_clinical.TCGA-CK-4950.xml	972675a1d634524b370f65a15bb99c9b	57291	live
a8fa7c50-8eea-4966-90cf-8485cee9102c	nationwidechildrens.org_clinical.TCGA-AA-3556.xml	d5f3cb90b0a6cebecac6e2da563fbae6	28729	live
57c0d8fc-4912-46f3-8cb7-358d4b5675f6	nationwidechildrens.org_clinical.TCGA-NH-A6GC.xml	b5138aea5a2c4666b62bb364bac8b6eb	46591	live
08f2e952-bfeb-424c-8b40-0db3adf52945	nationwidechildrens.org_clinical.TCGA-AA-3869.xml	adb1a52cae24590e6f4612c6952f2e0d	64059	live
f319d209-a8fc-4761-bc31-0d6f0dfcdf62	nationwidechildrens.org_clinical.TCGA-CM-6679.xml	f9570f9f4900ae18f1a464d47f44ab1a	35125	live
06050b9e-1075-4e03-932d-d6932880f34a	nationwidechildrens.org_clinical.TCGA-AA-3975.xml	b6e52607d23d99991cf079c1270f198b	29018	live
1f9e0ee4-f772-4f22-ad7f-42704c996b49	nationwidechildrens.org_clinical.TCGA-AA-A02F.xml	61c554a39b628994a960073a8eba84b7	58273	live
cb663ada-0a4b-4fe6-86a9-0bfd037a4489	nationwidechildrens.org_clinical.TCGA-A6-2670.xml	63c968c03e2b5b865eaa7e219d3ff059	33187	live
90874847-6d53-46a6-aa62-0d05222f0d4c	nationwidechildrens.org_clinical.TCGA-QG-A5Z2.xml	9f4d179123b937bdab5d2b950242fc24	29492	live
61704f4b-1888-4713-99c7-e3fc16de4955	nationwidechildrens.org_clinical.TCGA-A6-2682.xml	599554a6311597ebdce2ffc22020d7b5	81600	live
b8dcba21-8750-493a-adf2-f6e8e8ba2561	nationwidechildrens.org_clinical.TCGA-AD-A5EK.xml	e42ec2c4bf7109c5660de10ce8ecf62d	30756	live
2f87f081-b8c1-4538-a3b3-bcfe61ac7f0e	nationwidechildrens.org_clinical.TCGA-AZ-6606.xml	b1a24bcb22ea8e805068aa41cb29d28f	40525	live
f4411d08-ab9b-4140-aabb-ec0481d8b451	nationwidechildrens.org_clinical.TCGA-CA-6716.xml	f90fa516da5179bc21fa4d5decabec15	46215	live
5d0ef858-cf61-45c4-bbd9-d4654f2cf4e9	nationwidechildrens.org_clinical.TCGA-DM-A282.xml	c3c37f97cc793f0de4bdf0b713939817	28993	live
a8a78bef-c2ea-4640-95b8-b73e435e738a	nationwidechildrens.org_clinical.TCGA-A6-6140.xml	f8e0acc8dc88cb48d5277a2ba8e73981	52597	live
a54b0004-5302-4e25-9d55-646aefcc2629	nationwidechildrens.org_clinical.TCGA-CM-4750.xml	75175775eb3b961459cac99863b0dbe2	60231	live
98a7ac42-f1d3-4fd3-9312-3c94ac5a46ea	nationwidechildrens.org_clinical.TCGA-AA-A01Z.xml	ea0469eacb5bb01c89879b6efa6561ca	31425	live
e0a1c57a-8650-447e-b7f6-01cca03e52ce	nationwidechildrens.org_clinical.TCGA-AA-A01D.xml	a71e4bf04430ed149e0154f473829b5b	66473	live
87e6ed84-bc9f-455d-94d5-8169469a807f	nationwidechildrens.org_clinical.TCGA-AA-3973.xml	af7de9efc8bd47b72d1aa4fc331f6dc2	52383	live
b3511940-a20e-4f09-997e-21e3e4e8528b	nationwidechildrens.org_clinical.TCGA-CK-6751.xml	5580bd40e45636c0378baf256720a7cf	28588	live
bf58d10e-658e-41d6-94e3-94ef063d98cf	nationwidechildrens.org_clinical.TCGA-AA-3877.xml	c7f84be99ea39ae9f23e3d8fea503300	29085	live
943fa5f3-f7ef-4f3b-961c-7bdbef154872	nationwidechildrens.org_clinical.TCGA-AA-A03J.xml	1d49a282354fe09941d03cf152dea69e	28981	live
cb0dcd18-075e-42e1-9f33-11b6d2a47c84	nationwidechildrens.org_clinical.TCGA-G4-6627.xml	83b42749c84a4d1904a9e7bdaf85b256	36437	live
4f7bd5d8-13ef-42d0-9ba0-5d6d0b3ff61d	nationwidechildrens.org_clinical.TCGA-AA-3555.xml	a450c303556fc2e531f0128a7bc059ce	31422	live
33b1e37b-429f-4279-947e-9dccca71b86c	nationwidechildrens.org_clinical.TCGA-D5-6539.xml	8b155165525f775761147cf8f71aa732	28871	live
a340e4ac-475d-419b-b1a0-c4ff1a2fb41a	nationwidechildrens.org_clinical.TCGA-AZ-5403.xml	3c49261abc735f1e5d68ee8ee1dd413e	31324	live
f1ac8c33-02bf-4746-a617-a64be9b89237	nationwidechildrens.org_clinical.TCGA-A6-A5ZU.xml	ca35a05a6179704a797e8815bcacf8d4	54139	live
7ba2a9a7-d69c-4fbd-a8b7-60abfc59d5e2	nationwidechildrens.org_clinical.TCGA-AD-A5EJ.xml	ce20b546f30e50c0e7b679a1f2f8818c	24178	live
5fb77b24-baa4-4fed-8385-645681d93198	nationwidechildrens.org_clinical.TCGA-AA-A01P.xml	57ccc07559c26cb791376002627b50b1	31233	live
79c5487d-ce9a-4454-9273-b37f5e02c93f	nationwidechildrens.org_clinical.TCGA-AA-3831.xml	7e6b7892a365cd255bf7ef6750bb1208	29021	live
279fabe0-c990-47a4-aed1-7b131af6abce	nationwidechildrens.org_clinical.TCGA-DM-A28C.xml	544009e6dc67122e4c659b95befd35a3	31289	live
9974b4e4-5bec-4974-9205-8acaad54582c	nationwidechildrens.org_clinical.TCGA-AA-3968.xml	c59abb0bcddb268877618382848de256	29072	live
33ecfada-e381-4c50-a7a0-1aa7b6a9a3a5	nationwidechildrens.org_clinical.TCGA-D5-5540.xml	97bb5fb0ac448c3716f22bf3bb9ec693	33970	live
bf97bae0-7cd6-4b2c-b3e8-36a0919464bd	nationwidechildrens.org_clinical.TCGA-AA-3527.xml	abf6187779502264efdf409cbe359762	24188	live
71cb6a3b-53ea-4a41-820f-7194a913137a	nationwidechildrens.org_clinical.TCGA-A6-2675.xml	2eaad56b7b8b8dbe80604b52192166d3	33782	live
79be442b-667b-4fe7-b178-e78cd562681a	nationwidechildrens.org_clinical.TCGA-A6-5666.xml	f36ca78a78d51e3d8bfc2a354acbe204	44401	live
553bb66c-e862-4db2-8f98-0a96c8e24277	nationwidechildrens.org_clinical.TCGA-AA-3844.xml	0a2572baaa963e982241a28d43592ab2	65416	live
5592f3cf-8c37-457e-af4d-1959a3598716	nationwidechildrens.org_clinical.TCGA-3L-AA1B.xml	deb55af6abb5eb7e633c27002a0f86a5	35507	live
